,Film,Director,Cast
0,Citizen Kane,Orson Welles,Agnes Moorehead:Dorothy Comingore:Erskine Sanford:Everett Sloane:Fortunio Bonanova:George Coulouris:Georgia Backus:Gus Schilling:Harry Shannon:Paul Stewart:Philip Van Zandt:Ray Collins:Ruth Warrick:William Alland
1,The Godfather,Francis Ford Coppola,Abe Vigoda:Al Lettieri:Diane Keaton:Gianni Russo:James Caan:John Cazale:John Marley:Richard Conte:Richard S. Castellano:Robert Duvall:Rudy Bond:Sterling Hayden:Talia Shire
2,Rear Window,Alfred Hitchcock,Havis Davenport:Irene Winston:Jerry Antes:Jesslyn Fax:Rand Harper
3,Casablanca,Michael Curtiz,Claude Rains:Conrad Veidt:Curt Bois:Dooley Wilson:Enrique Acosta:John Qualen:Joy Page:Leonid Kinskey:Madeleine Lebeau:Paul Henreid:Peter Lorre:S.Z. Sakall:Sydney Greenstreet
4,Boyhood,Richard Linklater,Alyssa Petersen:Andrea Chen:Andrew Villarreal:Angela Rawna:Bonnie Cross:Brad Hawkins:Cassidy Johnson:David Blackwell:Deanna Brochin:Derek Chase Hickey:Elijah Smith:Ethan Hawke:Evie Thompson:Greg Baglia:Jamie Howard:Jonathan Bell:Jordan Howard:Libby Villari:Lorelei Linklater:Marco Perella:Mark Finn:Megan Devine:Mona Lee Fultz:Natalie Wilemon:Nick Krause:Patricia Arquette:Ryan Power:Sam Dillon:Savannah Welch:Shane Graham:Sharee Fowler:Steven Chester Prince:Sydney Orta:Tamara Jolaine:Tess Allen:Zoe Graham
5,Three Colors: Red,Krzysztof Kieslowski,Bernard Escalon:Brigitte Raul:Elzbieta Jasinska:Frédérique Feder:Jean Schlegel:Jean-Marie Daunas:Jean-Pierre Lorit:Leo Ramseyer:Marion Stalens:Paul Vermeulen:Roland Carey:Samuel Le Bihan:Teco Celio
6,Vertigo,Alfred Hitchcock,Danny Borzage:Isabel Analla:Jack Ano:John Benson:Margaret Bacon
7,Notorious,null,null
8,Singin' in the Rain,Gene Kelly Stanley Donen,Bette Arlen:Betty Allen:Jimmy Bates:Marie Ardell:Sue Allen
9,City Lights,null,null
10,Moonlight,Barry Jenkins,Alex R. Hibbert:Andre Holland:Ashton Sanders:Duan 'Sandy' Sanderson:Duan Sanderson:Duan'Sandy' Sanderson:Eddie Blanchard:Edson Jean:Herman 'Caheei McGloun:Jaden Piner:Janelle Monáe:Jharrel Jerome:Kamal Ani-Bellow:Keomi Givens:Larry Anderson:Mahershala Ali:Naomie Harris:Patrick Decile:Rudi Goblen:Rudi Goblin:Shariff Earp:Stephon Bron:Tanisha Cidel:Trevante Rhodes
11,Intolerance,D.W. Griffith,Dore Davidson:Edward Dillon:Elmer Clifton:Frank Bennett:Josephine Crowell:Lucille Browne:Mary Alden:Miriam Cooper:Monte Blue:Pearl Elmore:Sam De Grasse:Spottiswoode Aitken:Taylor N. Duncan:William H. Brown
12,Pinocchio,Ben Sharpsteen Bill Roberts Hamilton Luske Jack Kinney Norman Ferguson T. Hee Wilfred Jackson,Clarence Nash:Jack Mercer:John McLeish:Mae Questel:Patricia Page:Thurl Ravenscroft
13,Touch of Evil,Orson Welles,Joi Lansing:Lalo Rios:Michael Sargent:Phil Harvey:Victor Millan
14,The Lady Vanishes,null,null
15,The Treasure of the Sierra Madre,John Huston,Guillermo Calles:Jacqueline Dalya:Robert Blake:Roberto Cañedo:Spencer Chan
16,Pan's Labyrinth,Guillermo del Toro,Álex Angulo:César Vea:Doug Jones:Eusebio Lázaro:Francisco Vidal:Gonzalo Uriarte:Ivan Massagué:Juanjo Cucalón:Lina Mira:Manolo Solo:Maribel Verdú:Roger Casamajor
17,Some Like It Hot,Billy Wilder,Barbara Drew:Beverly Wills:Dave Barry:Harry Wilson:Mike Mazurki
18,North by Northwest,Alfred Hitchcock,Edward Binns:Les Tremayne:Patrick McVey:Philip Coolidge:Robert Ellenstein
19,Hoop Dreams,null,null
20,Rashomon,Akira Kurosawa,null
21,All About Eve,Joseph L. Mankiewicz,Barbara White:Craig Hill:Leland Harris:Randy Stuart:Walter Hampden
22,Jules and Jim,François Truffaut,Anny Nelsen:Bernard Largemain:Danielle Bassiak:Dominique Lacarrière:Elen Bober:Henri Serre:Kate Noelle:Marie Dubois:Michel Subor:Pierre Fabre:Sabine Haudepin:Serge Rezvani:Vanna Urbino
23,The Wild Bunch,Sam Peckinpah,Albert Dekker:Bo Hopkins:Dub Taylor:Jorge Russek:Paul Harper
24,My Left Foot,Jim Sheridan,Alison Whelan:Cyril Cusack:Declan Croghan:Derry Power:Eanna MacLiam:Fiona Shaw:Hugh O'Conor:Kirsten Sheridan:Marie Conmee:Pat Laffan:Phelim Drew:Ray McAnally:Ruth McCabe
25,The Third Man,Carol Reed,Harold Ayer:Harry Belcher:Hedwig Bleibtreu:Jack Arrow:Nelly Arno
26,Dr. Strangelove or: How I Learned to Stop Worrying and Love the Bomb,Stanley Kubrick,Frank Berry:Glenn Beck:Hal Galili:Jack Creley:James Earl Jones:Keenan Wynn:Peter Bull:Robert O'Neil:Roy Stephens:Shane Rimmer:Slim Pickens:Sterling Hayden:Tracy Reed
27,"Quo Vadis, Aida?",Jasmila Zbanic,Alban Ukaj:Edita Malovcic:Ermin Bravo:Jelena Kordic:Juda Goslinga
28,Gone with the Wind,George Cukor Sam Wood Victor Fleming,Alicia Rhett:Ann Rutherford:Barbara O'Neil:Butterfly McQueen:Evelyn Keyes:Everett Brown:Fred Crane:George Reeves:Hattie McDaniel:Howard C. Hickman:Leslie Howard:Oscar Polk:Thomas Mitchell:Victor Jory
29,"4 Months, 3 Weeks and 2 Days",null,null
30,Psycho,Alfred Hitchcock,Fletcher Allen:Frank Albertson:John Anderson:John Gavin:John McIntire:Lurene Tuttle:Martin Balsam:Mort Mills:Patricia Hitchcock:Simon Oakland:Vaughn Taylor:Vera Miles:Walter Bacon
31,Battleship Potemkin,Sergei M. Eisenstein,Beatrice Vitoldi:Daniil Antonovich:Iona Biy-Brodskiy:Julia Eisenstein:Sergei M. Eisenstein
32,A Streetcar Named Desire,Elia Kazan,Dahn Ben Amotz:Edna Thomas:Marietta Canty:Mel Archer:Mickey Kuhn
33,American Graffiti,George Lucas,Beau Gentry:Deby Celiz:Harrison Ford:Jana Bellan:Jim Bohan
34,Dumbo,Ben Sharpsteen Bill Roberts Jack Kinney John Elliotte Norman Ferguson Samuel Armstrong Wilfred Jackson,Hall Johnson:Harold Manley:James MacDonald:John McLeish:Malcolm Hutton
35,Roma,Alfonso Cuarón,Jorge Antonio Guerrero:José Luis López Gómez:José Manuel Guerrero Mendoza:Latin Lover:Zarela Lizbeth Chinolla Arellano
36,Ran,Akira Kurosawa,Hisashi Igawa:Kazuo Katô:Kenji Kodama:Mansai Nomura:Masayuki Yui:Mieko Harada:Norio Matsui:Peter:Takashi Watanabe:Toshiya Ito:Yoshiko Miyazaki
37,The Shop Around the Corner,Ernst Lubitsch,Charles Arnt:Charles Halton:Charles Smith:Joan Blair:Mary Carr
38,12 Angry Men,Sidney Lumet,E.G. Marshall:Ed Begley:Edward Binns:George Voskovec:Jack Klugman:Jack Warden:James Kelly:John Fiedler:Joseph Sweeney:Martin Balsam:Robert Webber:Rudy Bond:Tom Gorman
39,Manchester by the Sea,Kenneth Lonergan,Amanda Blattner:Anna Baryshnikov:Anthony Estrella:Ben Hanson:Ben O'Brien:Brian Chamberlain:C.J. Wilson:Casey Affleck:Chaunty Spillane:Danae Nason:Erica McDermott:Gretchen Mol:Heather Burns:Jeffrey Corazzini:Josh Hamilton:Kara Hayward:Kyle Chandler:Lewis D. Wheeler:Liam McNeill:Lucas Hedges:Mark Burzenski:Mary Mallen:Matthew Broderick:Michelle Williams:Missy Yager:Oscar Wahlberg:Quincy Tyler Bernstine:Richard Donelly:Robert Sella:Ruibo Qian:Stephanie Ann Saunders:Stephen Henderson:Susan Pourfar:Tate Donovan:Tom Kemp:Virginia Loring Cooke
40,Rosemary's Baby,Roman Polanski,Charles Grodin:D'Urville Martin:Elisha Cook Jr.:Emmaline Henry:Hanna Hertelendy:Hope Summers:Maurice Evans:Patsy Kelly:Phil Leeds:Ralph Bellamy:Ruth Gordon:Sidney Blackmer:Victoria Vetri
41,The Maltese Falcon,John Huston,Charles Drake:Chester Gan:James Burke:John Hamilton:Murray Alper
42,12 Years a Slave,Steve McQueen,Adepero Oduye:Alfre Woodard:Ashley Dyke:Benedict Cumberbatch:Bill Camp:Brad Pitt:Bryan Batt:Cameron Zeigler:Chiwetel Ejiofor:Chris Chalk:Christopher Berry:Craig Tate:Dickie Gravois:Dwight Henry:Garret Dillahunt:Kelsey Scott:Lupita Nyong'o:Marcus Lyle Brown:Michael Fassbender:Michael K. Williams:Mister Mackey Jr.:Paul Dano:Paul Giamatti:Quvenzhané Wallis:Ruth Negga:Sarah Paulson:Scoot McNairy:Taran Killam:Tom Proctor:Tony Bentley
43,Killer of Sheep,Charles Burnett,Angela Burnett:Charles Bracy:Chris Terrill:Eugene Cherry:Henry G. Sanders:Homer Jai:Jack Drummond:Johnny Smoke:Kaycee Moore:Lawrence Pierott:Russell Miles
44,Nashville,Robert Altman,Allen Garfield:Barbara Harris:Henry Gibson:Jeff Goldblum:Scott Glenn
45,Ratatouille,Brad Bird,Brian Dennehy:Ian Holm:Jake Steinfeld:James Remar:Janeane Garofalo:John Ratzenberger:Julius Callahan:Peter O'Toole:Peter Sohn:Teddy Newton:Tony Fucile:Will Arnett
46,Parasite,Joon-ho Bong,Hye-jin Jang:Hyun Seung-min:JaeWook Park:Jeong Esuz:Jeong-eun Lee:Ji-hye Lee:Ji-rye Lee:Jung Hyeon-jun:Jung Ik-Han:Jung Ziso:Kang Echae:Keun-rok Park:Lee Joo-Hyung:Myeong-hoon Park:Pak Hyo-Shin:Seo Joon Park:Seong-Bong Ahn
47,Rocks,null,null
48,Don't Look Now,Nicolas Roeg,Adelina Poerio:Bruno Cattaneo:Nicholas Salter:Sharon Williams
49,The Grapes of Wrath,John Ford,Darryl Hickman:Frank Darien:Frank Sully:Roger Imhof:Shirley Mills
50,Children of Paradise (1945),Marcel Carné,Etienne Decroux:Fabien Loris:Gaston Modot:Habib Benglia:Jane Marken:Louis Florencie:Marcel Pérès:Marcelle Monthil:María Casares:Palau:Pierre Brasseur:Pierre Renoir:Rognoni
51,Mean Streets,null,null
52,The Lady Eve,Preston Sturges,Abdullah Abbas:Dora Clement:Luis Alberni:Mary Akin:Norman Ainsley
53,Gravity,Alfonso Cuarón,Amy Warren:Basher Savage:Ed Harris:Eric Michels:George Clooney:Janis Ahern:Orto Ignatiussen:Paul Sharma:Sandra Bullock
54,Fantasia,Ben Sharpsteen Bill Roberts David Hand Ford Beebe Jr. Hamilton Luske James Algar Jim Handley Norman Ferguson Paul Satterfield Samuel Armstrong T. Hee Wilfred Jackson,null
55,Spirited Away,Hayao Miyazaki,Bunta Sugawara:Koba Hayashi:Mari Natsuki:Noriko Kitou:Rumi Hîragi:Ryûnosuke Kamiki:Shigeru Wakita:Shiro Saito:Takashi Naitô:Takehiko Ono:Tatsuya Gashûin:Tsunehiko Kamijô:Yasuko Sawaguchi:Yô Ôizumi:Yumi Tamai
56,Beauty and the Beast,Gary Trousdale Kirk Wise,Alec Murphy:Alvin Epstein:Angela Lansbury:Bradley Pierce:Brian Cummings:David Ogden Stiers:Jerry Orbach:Jesse Corti:Jo Anne Worley:Mary Kay Bergman:Rex Everhart:Richard White:Tony Jay
57,Small Axe: Lovers Rock,Steve McQueen,Alexander James-Blake:Frankie Fox:Jermaine Freeman:Romario Simpson:Saffron Coomber
58,Toy Story,John Lasseter,Annie Potts:Don Rickles:Erik von Detten:Jack Angel:Jim Varney:John Morris:John Morris:John Ratzenberger:Laurie Metcalf:Penn Jillette:R. Lee Ermey:Sarah Freeman:Spencer Aste:Wallace Shawn
59,The Bride of Frankenstein,James Whale,Anne Darling:Dwight Frye:Mary Gordon:O.P. Heggie:Reginald Barlow
60,The Social Network,David Fincher,Adina Porter:Alecia Svensen:Armie Hammer:Brenda Song:Bryan Barter:Caleb Landry Jones:Calvin Dean:Cherilyn Wilson:Dakota Johnson:Denise Grayson:Dustin Fitzsimons:James Dastoli:Jami Owen:Jayk Gallagher:Joseph Mazzello:Malese Jow:Marcella Lentz-Pope:Max Minghella:Patrick Mapel:Rashida Jones:Robert Dastoli:Rooney Mara:Scotty Crowe:Shelby Young:Toby Meuli:Trevor Wright
61,My Fair Lady,George Cukor,Elizabeth Aimers:Helen Albrecht:John Alderson:LaWana Backer:Mary Alexander
62,Portrait of a Lady on Fire,Céline Sciamma,null
63,I Am Not Your Negro,Raoul Peck,Dick Cavett:James Baldwin:Samuel L. Jackson:Shumerria Harris
64,Woodstock,Michael Wadleigh,Bob Davis:Canned Heat:Jimi Hendrix:John Sebastian:Santana:Sly and the Family Stone
65,Double Indemnity,Billy Wilder,Edmund Cobb:James Adamson:John Berry:Kernan Cripps:Raymond Chandler
66,Snow White and the Seven Dwarfs,null,null
67,The Hurt Locker,Kathryn Bigelow,Barrie Rice:Christian Camargo:Christopher Sayegh:David Morse:Evangeline Lilly:Feisal Sadoun:Guy Pearce:Nabil Koni:Ralph Fiennes:Sam Redford:Sam Spruell:Suhail Aldabbach
68,Anatomy of a Murder,Otto Preminger,Alexander Campbell:Brooks West:Howard McNear:John Qualen:Ken Lynch
69,Zero Dark Thirty,Kathryn Bigelow,Alexander Karim:Ali Marhyar:Aymen Hamdouchi:Callan Mulvey:Fares Fares:Frank Grillo:Harold Perrineau:J.J. Kandel:James Gandolfini:Jason Clarke:Jennifer Ehle:Jeremy Strong:Jessica Collins:Kyle Chandler:Lee Asquith-Coe:Mark Duplass:Mark Valley:Mike Colter:Nabil Elouahabi:Nina Arianda:Parker Sawyers:Reda Kateb:Scott Adkins:Senem Temiz:Simon Abkarian:Stephen Dillane:Taylor Kinney:Wahab Sheikh
70,Collective,Alexander Nanau,null
71,A Separation,Asghar Farhadi,Ali-Asghar Shahbazi:Babak Karimi:Hamid Dadju:Kimia Hosseini:Leila Hatami:Marila Zare'i:Mohammad Ebrahimian:Mohammadhasan Asghari:Peyman Moaadi:Sahabanu Zolghadr:Sareh Bayat:Sarina Farhadi:Shahab Hosseini:Shirin Azimiyannezhad:Shirin Yazdanbakhsh
72,WALL-E,Andrew Stanton,Bob Bergen:Donald Fullilove:Fred Willard:John Cygan:John Ratzenberger:Kathy Najimy:Lori Alan:MacInTalk:Paul Eiding:Pete Docter:Sigourney Weaver:Teddy Newton:Teresa Ganzel
73,Carol,Todd Haynes,Amy Warner:Anita Farmer Bergman:Bella Garcia:Blanca Camacho:Carrie Brownstein:Cate Blanchett:Chandish Nester:Colin Botts:Cory Michael Smith:Dennis Hensley:Douglas Scott Sorenson:Giedre Bond:Jake Lacy:Jayne Houdyshell:Jim Dougherty:Jim Owens:John Magaro:Jorge Mardel:Ken Strunk:Kevin Crowley:Kk Heim:Kyle Chandler:Liberty Fraysure:Linnea Bond:Lizzy Leigh:Matthew Kallmeyer:Michael Haney:Michael Loos:Misty M. Jump:Nathaniel Grauwelman:Nik Pajic:Philip Krinsky:Rileigh McDonald:Robert Gerding:Rooney Mara:Ryan Wesley Gilreath:Sadie Heim:Sarah Paulson:Steven Andrews:Trent Rowland:William Willet:Zander Kaufer
74,Before Midnight,Richard Linklater,Anouk Servera:Ariane Labed:Athina Rachel Tsangari:Charlotte Prior:Enrico Focardi:Ethan Hawke:Jennifer Prior:Julie Delpy:Manolis Goussias:Panos Koronis:Seamus Davey-Fitzpatrick:Serafeim Radis:Walter Lassally:Xenia Kalogeropoulou:Yannis Papadopoulos:Yiannis Papadopoulos:Yota Argyropoulou
75,Amour,Michael Haneke,Alexandre Tharaud:Carole Franck:Damien Jouillerot:Dinara Drukarova:Jean-Michel Monroc:Laurent Capelluto:Ramón Agirre:Rita Blanco:Suzanne Schmidt:Walid Afkir:William Shimell
76,Dunkirk,Christopher Nolan,Adam Long:Aneurin Barnard:Barry Keoghan:Billy Howle:Bobby Lockwood:Bradley Hall:Brian Vernel:Charley Palmer Merkell:Cillian Murphy:Constantin Balsan:Damien Bonnard:Elliott Tittensor:Fionn Whitehead:Jack Gover:Jack Lowden:James Bloor:James D'Arcy:Jochum ten Haaf:Kenneth Branagh:Kevin Guthrie:Lee Armstrong:Luke Thompson:Mark Rylance:Michael Fox:Michel Biel:Mikey Collins:Miranda Nolan:Paul Riley Fox:Richard Sanderson:Tom Glynn-Carney:Tom Hardy:Will Attenborough
77,"Summer of Soul (...Or, When the Revolution Could Not Be Televised)",Ahmir-Khalib Thompson,Gladys Knight & The Pips:Mavis Staples:Sly and the Family Stone:The 5th Dimension:The Chambers Brothers
78,The Man Who Shot Liberty Valance,John Ford,Carleton Young:Denver Pyle:Strother Martin:Willis Bouchey:Woody Strode
79,The Searchers,null,null
80,45 Years,null,null
81,Taxi Driver,Martin Scorsese,Albert Brooks:Brenda Dickson:Copper Cunningham:Diahnne Abbott:Frank Adu:Garth Avery:Gino Ardito:Harry Cohn:Harry Fischler:Harvey Keitel:Leonard Harris:Nat Grant:Peter Boyle:Victor Argo
82,Pulp Fiction,Quentin Tarantino,Amanda Plummer:Duane Whitaker:Eric Stoltz:Frank Whaley:Maria de Medeiros:Paul Calderon:Peter Greene:Phil LaMarr:Rosanna Arquette:Tim Roth:Uma Thurman:Ving Rhames
83,The Manchurian Candidate,John Frankenheimer,Albert Paulsen:Angela Lansbury:Barry Kelley:Douglas Henderson:Henry Silva:James Edwards:James Gregory:Janet Leigh:John McGiver:Khigh Dhiegh:Leslie Parrish:Lloyd Corrigan:Madame Spivy
84,Mr. Turner,Mike Leigh,Alice Orr-Ewing:Amy Dawson:Billy Holland:Dorothy Atkinson:Fenella Woolgar:Fred Pearson:James Fleet:James Norton:Jamie Thomas King:John Duggan:John Warman:Joshua McGuire:Julian Seager:Karl Johnson:Katherine Denkinson:Lasco Atkins:Lee Ingleby:Leo Bill:Lesley Manville:Marion Bailey:Mark Stanley:Mark Wingett:Martin Savage:Niall Buggy:Oliver Maltman:Paul Jesson:Peter Wight:Richard Bremmer:Richard Dixon:Robert Portal:Roger Ashton-Griffiths:Ruby Bentall:Ruth Sheen:Sandy Foster:Sinead Matthews:Stuart Matthews:Sylvestra Le Touzel:Timothy Spall:Tom Edden:Tom Wlaschiha
85,The Irishman,Martin Scorsese,Aleksa Palladino:Aly Mang:Dascha Polanco:Domenick Lombardozzi:Gary Basaraba:Harvey Keitel:India Ennenga:Jack Huston:Jake Hoffman:Jesse Plemons:Joseph Russo:Kathrine Narducci:Paul Ben-Victor:Paul Herman:Ray Romano:Sebastian Maniscalco:Sharon Pfeiffer:Stephanie Kurtzuba:Steve Van Zandt
86,Grave of the Fireflies (1988),Isao Takahata,Adam Gibbs:Amy Jones:Crispin Freeman:Dan Green:Susan O. Koozin
87,The Wild Child,François Truffaut,Eva Truffaut:Gitt Magrini:Jean-François Stévenin:Laura Truffaut:Robert Cambourakis
88,Amazing Grace,Alan Elliott Sydney Pollack,null
89,Shadow of a Doubt,Alfred Hitchcock,Bill Bates:Clarence Muse:Estelle Jewell:Janet Shaw:Virginia Brissac
90,Inside Out,Pete Docter Ronaldo Del Carmen,Amy Poehler:Bill Hader:Bob Bergen:Bobby Moynihan:Carlos Alazraqui:Danny Mann:Dave Goelz:Diane Lane:Flea:Frank Oz:Jess Harnell:John Cygan:John Ratzenberger:Josh Cooley:Kaitlyn Dias:Kyle MacLachlan:Laraine Newman:Lewis Black:Lori Alan:Mindy Kaling:Paris Van Dyke:Paula Pell:Paula Poundstone:Phyllis Smith:Rashida Jones:Richard Kind:Sherry Lynn:Teresa Ganzel
91,Sideways,null,null
92,Schindler's List,Steven Spielberg,Andrzej Seweryn:Béatrice Macola:Ben Kingsley:Caroline Goodall:Embeth Davidtz:Friedrich von Thun:Harry Nehring:Jonathan Sagall:Krzysztof Luft:Malgoscha Gebel:Mark Ivanir:Norbert Weisser:Shmuel Levy
93,Meet Me in St. Louis,null,null
94,The Apartment,Billy Wilder,David White:Dorothy Abbott:Edie Adams:Joyce Jameson:Willard Waterman
95,Apocalypse Now,Francis Ford Coppola,Albert Hall:Bo Byers:Dennis Hopper:Frederic Forrest:G.D. Spradlin:Harrison Ford:James Keane:Jerry Ziesmer:Kerry Rossall:Laurence Fishburne:Robert Duvall:Sam Bottoms:Scott Glenn
96,The Gunfighter,Henry King,Beulah Archuletta:C.E. Anderson:Carl Andre:Murray Alper:Victor Adamson
97,We Were Here,Bill Weber David Weissman,Bobbi Campbell:Cleve Jones:Daniel Goldstein:Ed Wolf:Eileen Glutzer:Guy Clark:Guy Clark:Paul Boneberg
98,Lady Bird,Greta Gerwig,Andy Buckley:Bayne Gibby:Beanie Feldstein:Christina Offley:Daniel Zovatto:Danielle Macdonald:Jake McDorman:John Karna:Jordan Rodrigues:Kathryn Newton:Kristen Cloke:Laura Marano:Lois Smith:Lucas Hedges:Marielle Scott:Stephen Henderson:Tracy Letts
99,Chimes at Midnight,Orson Welles,Alan Webb:Fernando Rey:Jeremy Rowe:Keith Baxter:Keith Pyott
100,The Lord of the Rings: The Return of the King,Peter Jackson,Alexandra Astin:Alistair Browning:Bernard Hill:Billy Boyd:Cate Blanchett:David Aston:Ian McKellen:Jason Fitch:John Bach:Marton Csokas:Noel Appleby:Orlando Bloom:Richard Edge:Sadwyn Brophy:Sean Astin:Sean Bean
101,Carlos,null,null
102,Marriage Story,Noah Baumbach,Albert Jones:Annie Hamilton:Ayden Mayeri:Azhy Robertson:Brooke Bloom:Jasmine Cephas Jones:Julie Hagerty:Kyle Bornheimer:Mark O'Brien:Martha Kelly:Mary Hollis Inboden:Mary Wiseman:Matthew Maher:Mickey Sumner:Motell Gyn Foster:Pete Simpson:Raymond J. Lee:Robert Smigel
103,La La Land,Damien Chazelle,Amanda Fields:Amiée Conn:Ana Flavia Gavlak:Andres Perez-Molina:Ashley Caple:Callie Hernandez:Cameron Brinkman:Candice Coke:Christopher Aber:Cinda Adams:Claudine Claudio:D.A. Wallach:Emma Stone:Finn Wittrock:Hemky Madera:J.K. Simmons:Jason Fuchs:Jessica Rothe:John Legend:Jordan Ray Fox:Josh Pence:Kaye L. Morris:Kc Monnie:Kiff VandenHeuvel:Kristin Slaysman:Margaret Newborn:Meagen Fay:Miles Anderson:Morgan Larson:Nilla Watkins:Phillip E. Walker:Rosemarie DeWitt:Ryan Gosling:Sandra Rosko:Shannon Klein:Shannon Leann:Sonoya Mizuno:Terry Walters:Thom Shelton:Tom Everett Scott:Trevor Lissauer:Zoë Hall
104,Faces Places,null,null
105,"Crouching Tiger, Hidden Dragon",Ang Lee,Chen Chang:De Ming Wang:Fa Zeng Li:Jin Ting Zhang:Kai Li:Li Li:Pei-pei Cheng:Rei Yang:Sihung Lung:Su Ying Huang:Xian Gao:Yan Hai
106,Nomadland,Chloé Zhao,Annette Webb:Annette Wells:Bob Wells:Brandy Wilber:Karie Lynn McDermott Wilder:Makenzie Etcheverry:Rachel Bannon
107,The Servant,Joseph Losey,Alun Owen:Ann Firbank:Brian Phelan:Catherine Lacey:Derek Tansley:Doris Knox:Harold Pinter:Hazel Terry:Jill Melford:Patrick Magee:Richard Vernon
108,Call Me by Your Name,Luca Guadagnino,Amira Casar:Andre Aciman:Antonio Rimoldi:Armie Hammer:Elena Bucci:Esther Garrel:Marco Sgrosso:Michael Stuhlbarg:Peter Spears:Timoth:Vanda Capriolo:Victoire Du Bois:Xhuliano Ujka
109,The Magnificent Ambersons,null,null
110,Reversal of Fortune,Barbet Schroeder,Alan Pottinger:Annabella Sciorra:Christine Baranski:Christine Dunford:Felicity Huffman:Fisher Stevens:Jack Gilpin:Johann Carlo:Keith Reddin:Mano Singh:Ron Silver:Stephen Mailer:Uta Hagen
111,David Byrne’s American Utopia,Spike Lee,null
112,Shoplifters,null,null
113,Shoah: Four Sisters,null,null
114,The 39 Steps,null,null
115,Duck Soup,Leo McCarey,Charles Middleton:Edgar Kennedy:Edward Arnold:Sidney Bracey:Wade Boteler
116,Petite Maman,Céline Sciamma,null
117,Days of Heaven,Terrence Malick,Bob Wilson:Doug Kershaw:Frenchie Lemond:Gene Bell:Jackie Shultis:Linda Manz:Muriel Jolliffe:Richard Libertini:Robert J. Wilke:Sahbra Markus:Sam Shepard:Stuart Margolin:Timothy Scott
118,Toni Erdmann,Maren Ade,Alexandru Papadopol:Anna Maria Bergold:Hadewych Minis:Ingrid Bisu:Ingrid Burkhard:Ioan Brancu:Jürg Löw:Lucy Russell:Manuela Ciucur:Michael Wittenborn:Nicolas Wackerbarth:Niels Bormann:Peter Simonischek:Radu Banzaru:Ruth Reinecke:Sandra Hüller:Thomas Loibl:Trystan Pütter:Victoria Cocias:Victoria Malektorovych:Vlad Ivanov
119,Yi Yi,Edward Yang,Adriene Lin:An-an Hsu:Chuan-cheng Tao:Elaine Jin:Hsi-Sheng Chen:Hsin-Yi Tseng:Issei Ogata:Jonathan Chang:Kelly Lee:Pang Chang Yu:Ru-Yun Tang:Shu-shen Hsiao:Shu-Yuan Hsu:Su-Yun Ko:Yiwen Chen:Yung-Feng Lee
120,McCabe & Mrs. Miller,Robert Altman,Antony Holland:Hugh Millais:Jace Van Der Veen:Jackie Crossland:Manfred Schulz
121,The Best Years of Our Lives,null,null
122,Stagecoach,John Ford,Chief John Big Tree:Dorothy Appleby:Frank Baker:Ted Billings:Tom Tyler
123,Inside Llewyn Davis,null,null
124,Sherpa,Jennifer Peedom,null
125,There Will Be Blood,Paul Thomas Anderson,Barry Del Sherman:Coco Leigh:Dillon Freasier:Erica Sullivan:Harrison Taylor:Jacob Stringer:Jim Meskimen:Joseph Mussey:Kevin Breznahan:Martin Stringer:Matthew Braden Stringer:Paul F. Tompkins:Randall Carver:Stockton Taylor
126,Badlands,null,null
127,The Last Picture Show,Peter Bogdanovich,Barc Doyle:Bill Thurman:Jessie Lee Fulton:Joe Heathcock:Randy Quaid
128,Do the Right Thing,Spike Lee,Bill Nunn:Frankie Faison:Giancarlo Esposito:John Savage:John Turturro:Joie Lee:Miguel Sandoval:Paul Benjamin:Richard Edson:Rick Aiello:Robin Harris:Spike Lee
129,Sita Sings the Blues,null,null
130,The Decline of Western Civilization,Penelope Spheeris,Bill Gazzarri:Fear:Frank Gargani:John Doe:Lorna Doom
131,Rio Bravo,Howard Hawks,Frank Balderrama:Fred Aldrich:Harry Carey Jr.:Malcolm Atterbury:Sheb Wooley
132,Brother's Keeper,Bruce Sinofsky Joe Berlinger,Connie Chung:Donald F. Cerio:John W. Graham:Maynard A. Cosnett:Robert J. Killough
133,Crumb,Terry Zwigoff,Aline Kominsky:Beatrice Crumb:Bill Griffith:Charles Crumb:Dana Morgan:Deirdre English:Don Donahue:Kathy Goodell:Martin Müller:Maxon Crumb:Peggy Orenstein:Robert Hughes:Spain Rodriguez:Trina Robbins
134,Spotlight,Thomas McCarthy,Billy Crudup:Brian d'Arcy James:Christopher Gallagher:Dallas Peplow:Doug Murray:Duane Murray:Elena Juatco:Elena Wohl:Faith Fay:Gary Galone:Gene Amoroso:Jamey Sheridan:John Slattery:Lana Antonova:Len Cariou:Liev Schreiber:London Hall:Mark Ruffalo:Michael Cyril Creighton:Michael Keaton:Neal Huff:Paul Guilfoyle:Rachel McAdams:Rob deLeeuw:Robert B. Kennedy:Sharon McFarlane:Shawn Contois:Stanley Tucci:Stefanie Drummond:Zarrin Darnell-Martin
135,The Band Wagon,Vincente Minnelli,Barbara Bailey:Brandon Beach:Ernest Anderson:Lysa Baugher:Patsy Bangs
136,One More Time with Feeling,Andrew Dominik,Nick Cave:Nick Cave & the Bad Seeds:Nick Cave & The Bad Seeds:Warren Ellis
137,The Diving Bell and the Butterfly,Julian Schnabel,Anne Consigny:Fiorella Campanella:Gérard Watkins:Isaach De Bankolé:Jean-Pierre Cassel:Marina Hands:Max von Sydow:Niels Arestrup:Olatz López Garmendia:Patrick Chesnais:Talina Boyaci:Théo Sampaio
138,Invasion of the Body Snatchers,null,null
139,The Class,null,null
140,Platoon,Oliver Stone,Bob Orwig:Chris Pedersen:Corey Glover:Corkey Ford:David Neidorf:Forest Whitaker:Francesco Quinn:John C. McGinley:Johnny Depp:Keith David:Kevin Dillon:Mark Moses:Reggie Johnson
141,35 Shots of Rum,Claire Denis,Adèle Ado:Alex Descas:Cheikh Toure:David Saada:Djédjé Apali:Eriq Ebouaney:Grégoire Colin:Ingrid Caven:Jean-Christophe Folly:Julieth Mars Toussaint:Mario Canonge:Mary Pie:Mati Diop:Nicole Dogue:Stéphane Pocrain
142,Apocalypse Now: Final Cut,Francis Ford Coppola,null
143,Chinatown,Roman Polanski,Bruce Glover:Darrell Zwerling:Diane Ladd:James Hong:James O'Rear:Joe Mantell:John Hillerman:Nandu Hinds:Perry Lopez:Richard Bakalyan:Roman Polanski:Roy Jenson
144,The Florida Project,Sean Baker,Bria Vinaite:Bronwyn Valley:Brooklynn Prince:Caleb Landry Jones:Carl Bradfield:Christopher Rivera:Gary B. Gross:Jason Blackwater:Jim Coleman:Jim R. Coleman:Karren Karagulian:Kelly Fitzgerald:Krystal Nicole Watts:Macon Blair:Mela Murder:Rosa Medina Perez:Sabina Friedman-Seitz:Sandy Kane:Valeria Cotto:Willem Dafoe
145,Timbuktu,Abderrahmane Sissako,Abel Jafri:Adel Mahmoud Cherif:Cheik A.G. Emakni:Fatoumata Diawara:Hichem Yacoubi:Ibrahim Ahmed:Kettly Noël:Layla Walet Mohamed:Mamby Kamissoko:Mehdi A.G. Mohamed:Pino Desperado:Salem Dendou:Toulou Kiki:Weli Cleib:Yoro Diakité:Zikra Oualet Moussa
146,Frenzy,Alfred Hitchcock,Elsie Randolph:Gerald Sim:Jean Marsh:John Boxer:Madge Ryan
147,Brief Encounter,David Lean,Noel Coward:Nuna Davey:Sydney Bromley:Valentine Dyall:Wallace Bosco
148,Cool Hand Luke,Stuart Rosenberg,Dennis Hopper:Marc Cavell:Richard Davalos:Robert Donner:Warren Finnerty
149,Little Women,Gillian Armstrong,Christian Bale:Corrie Clark:Eric Stoltz:Florence Patterson:Gabriel Byrne:John Neville:Mary Wickes:Rebecca Toolan:Robin Collins:Samantha Mathis:Trini Alvarado
150,Maborosi,Hirokazu Koreeda,Akira Emoto:Gohki Kashiyama:Hidekazu Akai:Hiromi Ichida:Kikuko Hashimoto:Makiko Esumi:Midori Kiuchi:Minori Terada:Mutsuko Sakura:Naomi Watanabe:Ren Ôsugi:Shuichi Harada:Tadanobu Asano:Takashi Inoue:Takashi Naitô
151,Top Hat,Mark Sandrich,Gino Corrado:Lorinne Crawford:Phyllis Coghlan:Roy Brent:Tom Costello
152,Apocalypse Now Redux,Francis Ford Coppola,Albert Hall:Bo Byers:Dennis Hopper:Frederic Forrest:G.D. Spradlin:Harrison Ford:James Keane:Jerry Ziesmer:Kerry Rossall:Laurence Fishburne:Robert Duvall:Sam Bottoms:Scott Glenn
153,Annie Hall,Woody Allen,Carol Kane:Christopher Walken:Colleen Dewhurst:Donald Symington:Helen Ludlam:Janet Margolin:Joan Neuman:Jonathan Munk:Mordecai Lawner:Paul Simon:Ruth Volner:Shelley Duvall:Tony Roberts
154,The Lord of the Rings: The Fellowship of the Ring,Peter Jackson,Alan Howard:Billy Boyd:Cate Blanchett:Christopher Lee:Ian Holm:Ian McKellen:Lawrence Makoare:Mark Ferguson:Marton Csokas:Megan Edwards:Michael Elsworth:Noel Appleby:Orlando Bloom:Sala Baker:Sean Astin:Sean Bean
155,Quiz Show,Robert Redford,Allan Rich:Christopher McDonald:David Paymer:Elizabeth Wilson:George Martin:Griffin Dunne:Hank Azaria:Johann Carlo:Michael Mantell:Mira Sorvino:Paul Guilfoyle:Paul Scofield:Rob Morrow
156,Leviathan,Andrei Zvyagintsev,Aleksey Pavlov:Aleksey Rozin:Aleksey Serebryakov:Alim Bidnenko:Alla Emintseva:Andrey Belozerov:Anna Ukolova:Dmitriy Bykovskiy-Romashov:Elena Lyadova:Evgeniy Yakunin:Igor Litovkin:Igor Savochkin:Igor Sergeev:Irina Graba:Irina Ryndina:Irina Vilkova:Kristina Pakarina:Lesya Kudryashova:Natasha Garustovich:Olga Lapshina:Platon Kamenev:Roman Madyanov:Sergei Borisov:Sergey Bachurskiy:Sergey Pokhodaev:Valeriy Grishko:Vladimir Lupanov:Vladimir Vdovichenkov:Vyacheslav Gonchar:Yelena Lyadova
157,Werckmeister Harmonies,null,null
158,Toy Story 3,Lee Unkrich,Blake Clark:Don Rickles:Emily Hahn:Estelle Harris:Joan Cusack:Jodi Benson:John Morris:John Ratzenberger:Laurie Metcalf:Michael Keaton:Ned Beatty:Teddy Newton:Wallace Shawn
159,This Is Spinal Tap,Rob Reiner,Bruno Kirby:Chazz Dominguez:Danny Kortchmar:David Kaff:Ed Begley Jr.:Harry Shearer:Jean Cromie:Kimberly Stringer:Patrick Maher:R.J. Parnell:Shari Hall:Tony Hendra
160,The Look of Silence,Joshua Oppenheimer,null
161,Tower,Keith Maitland,Aldo Ordoñez:Blair Jackson:Chris Doubek:Cole Bee Wilson:Cole Bresnehen:Jeremy Brown:John Fitch:Josephine McAdam:Karen Davidson:Louie Arnette:Monty Muir:Reece Everett Ryan:Séamus Bolivar-Ochoa:Timothy Lucas:Vicky Illk:Violett Beane
162,The Rider,Chloé Zhao,Alan Reddy:Allen Reddy:Brady Jandreau:Cat Clifford:Derrick Janis:James Calhoon:Jordon Slick Phelps:Kevin Hunter:Lane Scott:Leroy Pourier:Lilly Jandreau:Marshal Byrne:Steven DeWolfe:Tanner Langdeau:Terri Dawn Pourier:Tim Jandreau
163,Moolaadé,Ousmane Sembene,Aminata Dao:Bakaramoto Sanogo:Balla Habib Dembélé:Cheick Oumar Maiga:Dominique Zeïda:Fatoumata Coulibaly:Gustave Sorgho:Joseph Traoré:Mah Compaoré:Maimouna Hélène Diarra:Modibo Sangaré:Ousmane Konaté:Rasmane Ouedraogo:Salimata Traoré:Théophile Sowié
164,Atanarjuat: The Fast Runner,Zacharias Kunuk,Abraham Ulayuruluk:Alex Uttak:Apayata Kotierk:Eric Nutarariaq:Eugene Ipkarnak:Lucy Tulugarjuk:Luke Taqqaugaq:Madeline Ivalu:Mary Qulitalik:Neeve Irngaut:Pakak Innuksuk:Pauloosie Qulitalik:Peter-Henry Arnatsiaq
165,Time,Garrett Bradley,null
166,Gavagai,Rob Tregenza,Amel Ibisevic:Ask Aygin Gaup:Edith Søli:Einar Andreas Søli:Essra Berge:Halvor Sandnes:Hellek Sandnes:Ina Nena Schick:Joakim Nango:Jostein A.B. Sandvik:Karin Mustvedt-Plüs:Kim Robin Svartdal:Marie Helga Helgetveit:Marja Susanne Sipelä Solvang:Miriam Berge:Mona Eiris:Rune Samuelsen:Susan S. Solvang:Thomas Tufte:Tore Dale
167,The Man Who Would Be King,John Huston,Graham Acres:Nadia Atbib:Shakira Caine:The Blue Dancers of Goulamine:Yvonne Ocampo
168,The Killing,Stanley Kubrick,Dorothy Adams:Herbert Ellis:Jay Adler:Kola Kwariani:Tito Vuolo
169,Swing Time,George Stevens,Bill Brande:Jack Chefe:Martin Cichy:Ralph Brooks:Ralph Byrd
170,Breaking Away,Peter Yates,Amy Wright:Barbara Barrie:Daniel Stern:David K. Blase:Hart Bochner:Jackie Earle Haley:Jennifer K. Mickel:John Ashton:Lisa Shure:P.J. Soles:Paul Dooley:Peter Maloney:Robyn Douglass
171,The Souvenir,Joanna Hogg,Alice McMillan:Barbara Peirson:Chyna Terrelonge-Vaughan:Crispin Buxton:Dick Fontaine:Fabrizio Matteini:Hannah Ashby Ward:Jack W. Gregory:Jake Phillips Head:James Barrett:James Dodds:James Spencer Ashworth:Janet Etuk:Jaz Dalrymple:Leonardo Bozzo:Richard Tree:Steve Gough
172,After Life,Hirokazu Koreeda,Arata:Erika Oda:Hisako Hara:Kazuko Shirakawa:Kei Tani:Kôtarô Shiga:Kyôko Kagawa:Natsuo Ishidô:Sadao Abe:Sayaka Yoshino:Susumu Terajima:Takashi Naitô:Taketoshi Naitô:Tôru Yuri:Yûsuke Iseya
173,Son of Saul,László Nemes,Amitai Kedar:Attila Fritz:Balázs Farkas:Björn Freiberg:Christian Harting:Eszter Csépai:Gergö Farkas:Géza Röhrig:Jerzy Walczak:Juli Jakab:Kamil Dobrowolski:Levente Molnár:Levente Orbán:Marcin Czarnik:Mendy Cahan:Mihály Kormos:Sándor Zsótér:Todd Charmont:Urs Rechn:Uwe Lauer
174,Love Affair,Leo McCarey,Bess Flowers:Carol Hughes:Dell Henderson:Joe Gilbert:Leyland Hodgson
175,Frankenstein,James Whale,Arletta Duncan:Francis Ford:Jack Curtis:Mae Bruce:William Dyer
176,8½,Federico Fellini,Bruno Agostini:Cesarino Miceli Picardi:Jean Rougeul:Mario Conocchia:Mario Pisu
177,E.T. The Extra-Terrestrial,Steven Spielberg,C. Thomas Howell:David Berkson:David M. O'Dell:Dee Wallace:Erika Eleniak:Frank Toth:K.C. Martel:Michael Darrell:Richard Swingler:Robert Barton:Robert MacNaughton:Sean Frye
178,The African Queen,John Huston,John von Kotze
179,The Triplets of Belleville,Sylvain Chomet,Béatrice Bonifassi:Charles Linton:Lina Boudreau:Mari-Lou Gauthier
180,The Queen,Stephen Frears,Alex Jennings:Amanda Hadingue:Dolina MacLennan:Douglas Reith:Gray O'Brien:John McGlynn:Joyce Henderson:Lola Peploe:Pat Laffan:Robin Soans:Roger Allam:Sylvia Syms:Tim McMullan
181,All Quiet on the Western Front,Lewis Milestone,Beryl Mercer:G. Pat Collins:Harold Goodwin:Richard Alexander:Slim Summerville
182,A Bread Factory Part Two: Walk With Me a While,Patrick Wang,Daniel Borak:Eugene Brell:George Young:Jacqui Anders:Jake Brinskele:Keaton Nigel Cooke:Leo Heller:Logan Smith:Martina Arroyo:Noah Matthews
183,Never Rarely Sometimes Always,null,null
184,The Ladykillers,null,null
185,Young Mr. Lincoln,John Ford,Clarence Wilson:Eddy Waller:Spencer Charters:Tiny Jones:Ward Bond
186,Stories We Tell,Sarah Polley,Alex Hatz:Andrew Church:Cathy Gulkin:Deirdre Bowen:Geoffrey Bowes:Harry Gulkin:John Buchan:Justin Goodhand:Peter Evans:Pixie Bigelow:Rebecca Jenkins:Robert Macmillan:Susy Buchan:Tom Butler:Victoria Mitchell:Wayne Curnew
187,A Bread Factory Part One: For the Sake of Gold,Patrick Wang,Aidan Pierce Brennan:Alyssa Maria App:Chris Conroy:Eugene Brell:George Young:Martina Arroyo:Noah Averbach-Katz:Noel Ramos:Rosemary Howard
188,The Act of Killing,Anonymous Christine Cynn Joshua Oppenheimer,Adi Zulkadry:Anwar Congo:Anwars Congo:Haji Anif:Haji Marzuki:Herman Koto:Ibrahim Sinik:Jusuf Kalla:Safit Pardede:Sakhyan Asmara:Soaduon Siregar:Syamsul Arifin:Yapto Soerjosoemarno
189,"This Is Not a Burial, It's a Resurrection",Lemohang Jeremiah Mosese,null
190,On the Waterfront,Elia Kazan,Abe Simon:Arthur Keegan:Don Blackman:James Westerfield:John F. Hamilton:John Heldabrand:Lee J. Cobb:Leif Erickson:Pat Henning:Rod Steiger:Rudy Bond:Tami Mauriello:Tony Galento
191,Jafar Panahi's Taxi,Jafar Panahi,Jafar Panahi
192,Ida,Pawel Pawlikowski,Adam Szyszkowski:Afrodyta Weselak:Agata Kulesza:Agata Trzebuchowska:Anna Grzeszczak:Artur Janusiak:Dawid Ogrodnik:Dorota Kuduk:Halina Skoczynska:Izabela Dabrowska:Jan Wociech Poradowski:Jerzy Trela:Joanna Kulig:Krzysztof Brzezinski:Lukasz Jerzykowski:Marek Kasprzyk:Mariusz Jakus:Natalia Lagiewczyk:Pawel Burczyk
193,Beau Travail,Claire Denis,Adiatou Massudi:Bernardo Montet:Dan Herzberg:Dimitri Tsiapkinis:Gianfranco Poddighe:Giuseppe Molino:Jean-Yves Vivet:Marc Veh:Mickael Ravovski:Nicolas Duvauchelle:Richard Courcet:Thong Duy Nguyen
194,Uncut Gems,null,null
195,Waltz with Bashir,Ari Folman,Dror Harazi:Gadi Erel:Mickey Leon:Ori Sivan:Shahar Sorek:Yehezkel Lazarov:Zahava Solomon
196,They Shall Not Grow Old,Peter Jackson,null
197,EX LIBRIS: The New York Public Library,Frederick Wiseman,null
198,Secrets & Lies,null,null
199,Patton,Franklin J. Schaffner,Albert Dumortier:Bill Hickman:Carey Loftin:David Bauer:Frank Latimore:James Edwards:John Barrie:Karl Michael Vogler:Lawrence Dobkin:Michael Strong:Morgan Paull:Pat Zurica:Stephen Young
200,The Favourite,Giorgos Lanthimos,Basil Eidenbenz:Carolyn Saint-Pé:Edward Aczel:Hannah Morley:Horatio:Isaura Barbé-Brown:Jack Veal:James Melville:James Smith:Jenny Rainsford:John Locke:Mark Gatiss:Tim Ingall:Timothy Innes:Willem Dalby:Wilson Radjou-Pujalte
201,The Sweet Hereafter,Atom Egoyan,Alberta Watson:Arsinée Khanjian:Bruce Greenwood:Caerthan Banks:David Hemblen:Earl Pastko:Gabrielle Rose:Kirsten Kieferle:Maury Chaykin:Sarah Rosen Fruitman:Simon Baker:Stephanie Morgenstern:Tom McCamus
202,The Right Stuff,Philip Kaufman,Charles Frank:Donald Moffat:Lance Henriksen:Levon Helm:Mary Jo Deschanel
203,Bambi,Bill Roberts David Hand Graham Heid James Algar Norman Wright Paul Satterfield Samuel Armstrong,Ann Gillis:Donnie Dunagan:Eddie Holden:Otis Harlan:Sam Edwards
204,Flee,Jonas Poher Rasmussen,null
205,Bringing Up Baby,Howard Hawks,Adeline Ashbury:Asta:John Kelly:Ruth Adler:Virginia Walker
206,No Country for Old Men,Ethan Coen Joel Coen,Ana Reeder:Barry Corbin:Beth Grant:Chip Love:Garret Dillahunt:Kelly Macdonald:Kit Gwin:Rodger Boyce:Stephen Root:Tess Harper:Woody Harrelson:Zach Hopkins
207,The Gatekeepers,null,null
208,Nostalgia for the Light,Patricio Guzmán,Gaspar Galaz:George Preston:Lautaro Núñez:Luís Henríquez:Miguel Lawner:Valentina Rodríguez:Vicky Saaveda:Víctor González:Violeta Berrios
209,David Copperfield,George Cukor,Elsa Lanchester:Fay Chaldecott:Jean Cadell:Lionel Barrymore:Una O'Connor:Violet Kemble Cooper
210,Saving Private Ryan,Steven Spielberg,Adam Goldberg:Barry Pepper:Dennis Farina:Dylan Bruno:Edward Burns:Giovanni Ribisi:Jeremy Davies:Joerg Stadler:Max Martini:Paul Giamatti:Ted Danson:Tom Sizemore:Vin Diesel
211,After Hours,null,null
212,Her,Spike Jonze,Alia Janine:Amy Adams:Artt Butler:Bill Hader:Brian Johnson:Caroline Jaden Stussi:Cassandra Starr:Chris Pratt:Claudia Choi:Eric Pumphrey:Evelyn Edwards:Gabe Gomez:Gracie Prewitt:Jeremy Rabb:Joaquin Phoenix:Katherine Boecher:Kelly Sarah:Kim Farris:Kristen Wiig:Laura Colquhoun:Laura Kai Chen:Laura Meadows:Lisa Renee Pitts:Luka Jones:Lynn A. Freedman:Matt Letscher:May Lindstrom:Melanie Seacat:Nico David:Nicole Grother:Olivia Wilde:Pamela Roylance:Portia Doubleday:Rachel Ann Mullins:Rooney Mara:Sam Jaeger:Samantha Morton:Samantha Sarakanti:Scarlett Johansson:Spike Jonze:Tiffany Pulvino
213,The Crying Game,Neil Jordan,Adrian Dunbar:Andrée Bernard:Birdy Sweeney:Breffni McKenna:Jack Carr:Jim Broadbent:Joe Savino:Josephine White:Miranda Richardson:Ralph Brown:Shar Campbell:Tony Slattery
214,Great Expectations,null,null
215,Burning,Chang-dong Lee,Bong-ryeon Lee:Ja-Yeon Ok:Joong-ok Lee:Seok-Chan Jeon:Wonhyeong Jang
216,Winter's Bone,Debra Granik,Ashlee Thompson:Beth Domann:Casey MacLaren:Cody Brown:Dale Dickey:Isaiah Stone:Kevin Breznahan:Lauren Sweetser:Shelley Waggener:Tate Taylor:Valerie Richards:William White
217,Hope,Maria Sødahl,Alexander Mørk Eidem:Ingrid Bugge:Johannes Joner:Kristin Voss Hestvold:Terje Auli
218,Gett: The Trial of Viviane Amsalem,Ronit Elkabetz Shlomi Elkabetz,Abraham Celektar:Albert Iluz:Dalia Beger:David Ohayon:Eli Gornstein:Evelin Hagoel:Gabi Amrani:Keren Mor:Menashe Noy:Rami Danon:Roberto Pollack:Ronit Elkabetz:Sasson Gabai:Shmil Ben Ari:Simon Abkarian
219,I Called Him Morgan,Kasper Collin,Al Harrison:Albert Tootie Heath:Bennie Maupin:Billy Harper:Charli Persip:Helen Morgan:Judith Johnson:Jymie Merritt:Larry Reni Thomas:Larry Ridley:Lee Morgan:Lena Sherrod:Paul West:Ron St. Clair:Wayne Shorter
220,Close Encounters of the Third Kind,Steven Spielberg,Adrienne Campbell:Bob Balaban:Cary Guffey:J. Patrick McNamara:Justin Dreyfuss:Lance Henriksen:Melinda Dillon:Merrill Connally:Philip Dodds:Roberts Blossom:Shawn Bishop:Warren J. Kemmerling
221,The Godfather: Part II,Francis Ford Coppola,Bruno Kirby:Francesca De Sapio:Frank Sivero:G.D. Spradlin:Gastone Moschin:John Cazale:Lee Strasberg:Michael V. Gazzo:Richard Bright:Talia Shire:Tom Rosqui
222,The Hustler,Robert Rossen,Alexander Rose:Carl York:Carolyn Coates:Gordon B. Clarke:Vincent Gardenia
223,L.A. Confidential,Curtis Hanson,Danny DeVito:David Strathairn:Elisabeth Granli:Graham Beckel:James Cromwell:Matt McCoy:Paolo Seganti:Paul Guilfoyle:Ron Rifkin:Sandra Taylor:Steve Rankin
224,Bloody Sunday,Paul Greengrass,Allan Gildea:Carmel McCallion:Christopher Villiers:Declan Duddy:Edel Frazer:Gerard Crossan:Gerry Hammond:James Hewitt:Jason Stammers:Joanne Lindsay:Mary Moulds:Mike Edwards
225,My Voyage to Italy,Martin Scorsese,null
226,Phantom Thread,Paul Thomas Anderson,Alexandra Moloney:Amber Brabant:Amy Cunningham:Andrew G. Ogleby:Calum Delaney:Camilla Rutherford:Caroline Garnell:Cedric Tylleman:Colin Wigglesworth:Cris Haris:Daniel Day-Lewis:Darren Talbot:Dave Simon:David Charles-Cully:Fraser Delaney:Geneva Corlett:Gino Picciano:Harriet Leitch:Ingrid Sophie Schram:Jane Perry:Jason Redshaw:Joseph Callaghan:Juliet Glaves:Kelly Schembri:Khristopher MacLeod:Lesley Manville:Lujza Richter:Martin Dew:Michael Gabbitas:Neil Broome:Niki Angus-Campbell:Paul Carolan:Pip Phillips:Rebecca McSwan:Richard Graham:Sarah Lamesch:Vicky Krieps
227,Goodfellas,null,null
228,Wojnarowicz,Chris McKim,null
229,Hamilton,Thomas Kail,Ariana DeBose:Carleigh Bettiol:Ephraim Sykes:Hope Easterbrook:Jon Rua:Neil Haskell:Phillipa Soo:Sasha Hutchings:Sydney James Harcourt:Thayne Jasperson
230,Paths of the Soul,Yang Zhang,null
231,It's Such a Beautiful Day,Don Hertzfeldt,Don Hertzfeldt
232,My Perestroika,Robin Hessman,null
233,This Is Not a Film,Jafar Panahi Mojtaba Mirtahmasb,Jafar Panahi
234,The Birds,null,null
235,To Have and Have Not,Howard Hawks,Aldo Nadi:Audrey Armstrong:Eugene Borden:Joy Barlow:Juliette Ball
236,Finding Nemo,Andrew Stanton Lee Unkrich,Allison Janney:Andrew Stanton:Austin Pendleton:Bob Peterson:Brad Garrett:Elizabeth Perkins:Geoffrey Rush:Joe Ranft:Nicholas Bird:Stephen Root:Vicki Lewis:Willem Dafoe
237,Topsy-Turvy,Mike Leigh,Adam Searle:Dexter Fletcher:Francis Lee:Geoffrey Hutchings:Kate Doherty:Lesley Manville:Martin Savage:Roger Heathcott:Stefan Bednarczyk:Sukie Smith:Timothy Spall:Wendy Nottingham:William Neenan
238,Samurai Rebellion,Masaki Kobayashi,Emi Yamada:Hideo Fukuhara:Jun Hamamura:Masao Mishima:Takamaru Sasaki
239,King Kong,Ernest B. Schoedsack Merian C. Cooper,Ed Allen:Etta Mae Allen:Frank Angel:James Adamson:Van Alder
240,Gunda,Victor Kossakovsky,null
241,The Incredibles,null,null
242,Before Sunset,Richard Linklater,Albert Delpy:Denis Evrard:Diabolo:Louise Lemoine Torres:Mariane Plasteig:Marie Pillet:Rodolphe Pauly:Vernon Dobtcheff
243,Being John Malkovich,Spike Jonze,Byrne Piven:Eric Weinstein:Judith Wetzell:K.K. Dodds:Kevin Carroll:Madison Lanc:Mary Kay Place:Ned Bellamy:Octavia Spencer:Orson Bean:Reginald C. Hayes
244,A Prophet,Jacques Audiard,Adel Bencherif:Antoine Basler:Foued Nassah:Frédéric Graziani:Gilles Cohen:Hichem Yacoubi:Jean-Emmanuel Pagni:Jean-Philippe Ricci:Leïla Bekhti:Niels Arestrup:Pierre Leccia:Rabah Loucif:Reda Kateb:Slimane Dazi
245,Hard to Be a God,Aleksei German,Aleksandr Chutko:Aleksandr Ilin:Algimantas Maceina:Dmitriy Vladimirov:Evgeniy Gerchakov:Igor Volkov:Juris Laucinsh:Laura Lauri:Leonid Yarmolnik:Natalya Moteva:Oleg Botin:Pyotr Merkurev:Remigijus Bilinskas:Yuriy Tsurilo
246,Almost Famous,null,null
247,Paths of Glory,Stanley Kubrick,Adolphe Menjou:Bert Freed:Christiane Kubrick:Emile Meyer:Fred Bell:George Macready:Jerry Hausner:Joe Turkel:Kem Dibbs:Peter Capell:Richard Anderson:Timothy Carey:Wayne Morris
248,Cold War,Pawel Pawlikowski,Adam Szyszkowski:Aleksandra Kacprzak:Aloïse Sauvage:Anna Zagórska:Izabela Andrzejak:Martin Budny:Philip Lenkowsky:Tomasz Markiewicz
249,Big Men,Rachel Boynton,null
250,American Splendor,Robert Pulcini Shari Springer Berman,Barbara Brown:Cameron Carter:Chris Ambrose:Daniel Tay:Danny Hoch:Earl Billings:James Urbaniak:Joey Krajcar:Josh Hutcherson:Larry John Meyers:Mary Faktor:Vivienne Benesch
251,Hannah and Her Sisters,null,null
252,The Circus,null,null
253,The Tale,Jennifer Fox,Emily Sandifer:Gretchen Koerner:Isabella Amara:Isabelle Nélisse:Jaqueline Fleming:Jessica Sarah Flaum:Madison David:Matthew Rauch:Noah Lomax:Thom Bishops:Tina Parker
254,Gosford Park,Robert Altman,Bob Balaban:Camilla Rutherford:Charles Dance:Claudie Blakley:Geraldine Somerville:James Wilby:Jeremy Northam:Kristin Scott Thomas:Laurence Fox:Michael Gambon:Natasha Wightman:Tom Hollander:Trent Ford
255,Dirty Harry,Don Siegel,James Nolan:Josef Sommer:Maurice Argent:William Paterson:Woodrow Parfrey
256,The Fits,null,null
257,Small Axe: Mangrove,Steve McQueen,James Hillier:Jon Prophet:Karl Farrer:Michelle Greenidge:Robert Jarvis
258,Mad Max: Fury Road,George Miller,Abbey Lee:Angus Sampson:Charlize Theron:Coco Jack Gillies:Courtney Eaton:Debra Ades:Hugh Keays-Byrne:Iota:John Howard:Josh Helman:Megan Gale:Mel Gibson:Melissa Jaffer:Nathan Jones:Nicholas Hoult:Richard Carter:Richard Norton:Riley Keough:Rosie Huntington-Whiteley:Tom Hardy:Zoë Kravitz
259,United 93,Paul Greengrass,Christian Clemenson:Denny Dillon:Gary Commock:J.J. Johnson:Lorna Dallas:Nancy McDoniel:Opal Alladin:Polly Adams:Ray Charleson:Richard Bekins:Starla Benford:Susan Blommaert:Trish Gates
260,Capturing the Friedmans,null,null
261,The Truman Show,Peter Weir,Angel Schmiedt:Blair Slater:Brian Delate:Don Taylor:Fritz Dominique:Heidi Schanz:Holland Taylor:Judy Clayton:Laura Linney:Natascha McElhone:Noah Emmerich:Peter Krause:Ron Taylor:Ted Raymond
262,American Hustle,David O. Russell,Adrian Martinez:Alessandro Nivola:Amy Adams:Anthony Zerbe:Bo Cleary:Bradley Cooper:Christian Bale:Christy Scott Cashman:Colleen Camp:David Boston:Dawn Olivieri:Elisabeth Röhm:Erica McDermott:Jack Huston:Jeremy Renner:Kenn Medeiros:Louis C.K.:Matthew Russell:Melissa McMeekin:Michael Peña:Paul Herman:Robert De Niro:Saïd Taghmaoui:Shea Whigham:Thomas Matthews
263,Paterson,Jim Jarmusch,Adam Driver:Barry Shabaka Henley:Brian McCarthy:Chasten Harmon:Dominic Liriano:Frank Harts:Golshifteh Farahani:Helen-Jean Arthur:Jaden Michael:Jared Gilman:Joan Kendall:Johnnie Mae:Kacey Cockett:Kara Hayward:Luis Da Silva Jr.:Method Man:Nellie:Owen Asztalos:Rizwan Manji:Sterling Jerins:Trevor Parham:Troy T. Parham:William Jackson Harper
264,Star Wars: Episode IV - A New Hope,George Lucas,Alec Guinness:Alex McCrindle:Anthony Daniels:David Prowse:Eddie Byrne:Jack Purvis:James Earl Jones:Kenny Baker:Peter Cushing:Peter Mayhew:Phil Brown:Shelagh Fraser
265,Persepolis,null,null
266,The Age of Innocence,Martin Scorsese,Alec McCowen:Alexis Smith:Geraldine Chaplin:Joanne Woodward:Jonathan Pryce:Mary Beth Hurt:Michael Gough:Miriam Margolyes:Richard E. Grant:Robert Sean Leonard:Siân Phillips:Stuart Wilson
267,Minding the Gap,Bing Liu,null
268,The Best of Youth,Marco Tullio Giordana,Adriana Asti:Andrea Tidona:Claudio Gioè:Fabrizio Gifuni:Giovanni Scifoni:Lidia Vitale:Mario Schiano:Maya Sansa:Michele Melega:Paolo Bonanni:Sonia Bergamasco:Valentina Carnelutti
269,The Overnighters,null,null
270,The Lives of Others,null,null
271,Two-Lane Blacktop,Monte Hellman,Alan Vint:Charles Moore:Don Samuels:Tom Green:W.H. Harrison
272,House of Flying Daggers,null,null
273,63 Up,Michael Apted,Andrew Brackfield:Jacqueline Bassett:John Brisby:Neil Hughes:Paul Kligerman:Peter Davies:Susan Sullivan:Symon Basterfield
274,Treasure Island,Byron Haskin,Andrew Blackett:David Davies:Francis de Wolff:John Gregson:William Devlin
275,Lost in Translation,Sofia Coppola,Akiko Takeshita:Akira Yamaguchi:Catherine Lambert:Diamond Yukai:François du Bois:Gregory Pekar:Kazuko Shibata:Kazuyoshi Minamimagoe:Richard Allen:Ryuichiro Baba:Take:Tim Leffman
276,Blue Is the Warmest Color,Abdel Kechiche,Ad:Alma Jodorowsky:Anne Loiret:Aurelie Lemanceau:Aurélien Recoing:Baya Rehaz:Benjamin Siksou:Beno:Catherine Salée:Fanny Maurin:Jeremie Laheurte:Karim Saidi:Léa Seydoux:Maelys Cabezon:Mona Walravens:Salim Kechiouche:Samir Bella:Sandor Funtek
277,Searching for Bobby Fischer,Steven Zaillian,Anthony Heald:Dan Hedaya:Laura Linney:Steven Randazzo:William H. Macy
278,Assault on Precinct 13,John Carpenter,Alan Koss:Charles Cyphers:Frank Doubleday:Gilbert De la Pena:Henry Brandon:John J. Fox:Kim Richards:Marc Ross:Martin West:Nancy Kyes:Peter Bruni:Tony Burton
279,Man on Wire,James Marsh,Aaron Haskell:Alan Welner:Annie Allix:Ardis Campbell:Barry Greenhouse:David Demato:David Forman:Guy F. Tozzoli:Jean François Heckel:Jean-Louis Blondeau:Jim Moore:Mark Lewis:Paul McGill:Shawn Dempewolff-Barrett
280,For Sama,Edward Watts Waad Al-Khateab,null
281,Force of Evil,Abraham Polonsky,Georgia Backus:Jessie Arnold:Margaret Bert:Murray Alper:Sam Ash
282,Still Walking,Hirokazu Koreeda,Haruko Kato:Hiroshi Abe:Hotaru Nomoto:Kazuya Takahashi:Kirin Kiki:Ryôga Hayashi:Shohei Tanaka:Susumu Terajima:Yoshio Harada:You:Yui Natsukawa
283,Gangs of Wasseypur,Anurag Kashyap,Aditya Kumar:Huma Qureshi:Jaideep Ahlawat:Jameel Khan:Manoj Bajpai:Nowaz:Piyush Mishra:Raj Kumar Yadav:Richa Chadda:Sankalp Acharekar:Satyakam Anand:Tigmanshu Dhulia:Vineet Singh:Vipin Sharma:Zeishan Quadri
284,The Last Detail,Hal Ashby,Carol Kane:Clifton James:Derek McGrath:Don McGovern:Gerry Salsberg:Jim Henshaw:Kathleen Miller:Luana Anders:Michael Chapman:Michael Moriarty:Nancy Allen:Otis Young:Pat Hamilton
285,When the Levees Broke: A Requiem in Four Acts,null,null
286,Borat: Cultural Learnings of America for Make Benefit Glorious Nation of Kazakhstan,Larry Charles,Alan Keyes:Bob Barr:Jean-Pierre Parent:Luenell:Mitchell Falk:Pamela Anderson
287,Minari,Lee Isaac Chung,Ben Hall:Jacob M Wade:James Carroll:Jenny Phagan:Tina Parker
288,Barry Lyndon,Stanley Kubrick,André Morell:Arthur O'Sullivan:Diana Körner:Frank Middlemass:Gay Hamilton:Godfrey Quigley:Hardy Krüger:Leonard Rossiter:Marie Kean:Murray Melvin:Patrick Magee:Philip Stone:Steven Berkoff
289,The Farewell,Lulu Wang,Aoi Mizuhara:Becca Khalil:Diane Dehn:Han Chen:Hong Lu:Hongli Liu:Ines Laimins:Jing Zhang:Jinhang Liu:Shimin Zhang:X Mayo:Xiang Li:Yongbo Jiang:Zhao Shuzhen
290,Elle,Paul Verhoeven,Alice Isaaz:Anne Consigny:Arthur Mazet:Charles Berling:Christian Berkel:Hugo Conzelmann:Isabelle Huppert:Jean Douchet:Jean-Noël Martin:Jonas Bloquet:Judith Magre:Laurent Lafitte:Lucas Prisor:Nicolas Beaucaire:Olivia Gotanègre:Raphaël Lenglet:Stéphane Bak:Vimala Pons:Virginie Efira
291,The Tale of The Princess Kaguya,Isao Takahata,Aki Asakura:Beau Bridges:Brian Leone:Caitlyn Leone:Daniel Dae Kim:Darren Criss:Dean Cain:Emily Bridges:George Segal:Hikaru Ijûin:Hynden Walch:Isao Hashizume:James Caan:John Cho:Kengo Kôra:Lucy Liu:Michael Leone:Oliver Platt:Takaya Kamikawa:Takeo Chii:Yukiji Asaoka
292,Uncertain,Anna Sandilands Ewan McNicol,null
293,Captain Blood,Michael Curtiz,David Torrence:Forrester Harvey:Frank McGlynn Sr.:Holmes Herbert:Jessie Ralph
294,"Two Days, One Night",Jean-Pierre Dardenne Luc Dardenne,Alain Eloy:Anette Niro:Batiste Sornin:Catherine Salée:Christelle Cornil:Christelle Delbrouck:Fabienne Sciascia:Fabrizio Rongione:Hassaba Halibi:Hicham Slaoui:Lara Persain:Laurent Caron:Marion Cotillard:Myriem Akeddiou:Olivier Gourmet:Philippe Jeusette:Pili Groyne:Rania Mellouli:Simon Caudry:Timur Magomedgadzhiev:Yohan Zimmer
295,National Gallery,Frederick Wiseman,null
296,Eighth Grade,Bo Burnham,Castor Feinberg:Catherine Oliviere:Deborah Unger:Faith Kelly:Frank Deal:Fred Hechinger:Gerald W. Jones:Greg Crowe:Jalesia Martinez:Kaileen Quinones:Kevin R. Free:Luke Prael:Marguerite Stimpson:Missy Yager:Natalie Carter:Shacha Temirov:Thomas J O'Reilly
297,A Star Is Born,Bradley Cooper,Amanda Fields:Andrew Dice Clay:Andrew Michaels:Anthony Ramos:Barry Shabaka Henley:Bonnie Somerville:Bradley Cooper:Brandi Carlile:Carlo Sciortino:D.J. 'Shangela' Pierce:Dave Chappelle:Eddie Griffin:Erik Landreth:Eunice Chiweshe Goldstein:Gabe Fazio:Greg Grunberg:Jacob Taylor:Joseph Kelly:Lady Gaga:Lukas Nelson:Michael D. Roberts:Michael Harney:Presley Cash:Rafi Gavron:Rebecca Field:Ron Rifkin:Sam Elliott:Sean Ayub:Steven Ciceron:Willam Belli
298,No End in Sight,Charles Ferguson,Ali Fadhil:Campbell Scott:Colin Powell:Dick Cheney:Donald Rumsfeld:Feisal Istrabadi:George Tenet:Gerald Burke:James Bamford:Marc Garlasco:Omar Fekeiki:Paul Hughes:Paul Wolfowitz:Robert Hutchings:Samantha Power
299,It's a Wonderful Life,Frank Capra,Beulah Bondi:Frank Albertson:Frank Faylen:Gloria Grahame:H.B. Warner:Henry Travers:Lionel Barrymore:Mary Treen:Samuel S. Hinds:Thomas Mitchell:Todd Karns:Virginia Patton:Ward Bond
300,The Madness of King George,Nicholas Hytner,David Leon:Julian Rhind-Tutt:Martin Julier:Natalie Palys:Rupert Everett:Russell Martin
301,Phoenix,Christian Petzold,Claudia Geisler:Daniela Holtz:Eva Bay:Felix Römer:Imogen Kogge:Jeff Burrell:Kirsten Block:Max Hopp:Megan Gay:Michael Maertens:Nikola Kastner:Nina Hoss:Nina Kunzendorf:Ronald Zehrfeld:Sofia Exss:Trystan Pütter:Uwe Preuss:Valerie Koch
302,Goodbye Solo,Ramin Bahrani,Alexandra Dimopoulos:Carmen Leyva:Chris Greene:Diana Franco Galindo:Evelia Garcia:Jamill 'Peaches' Fowler:Jim Babel:Lane 'Roc' Williams:Lasheka Brown:Mamadou Lam:Neill Fleeman:Peter N. Anyieth:Sarah S. Brooks
303,Western,Bill Ross IV Turner Ross,Brylyn Wall:Chad Foster:Martín Wall
304,Stop Making Sense,Jonathan Demme,Alex Weir:Bernie Worrell:Chris Frantz:Ednah Holt:Jerry Harrison:Lynn Mabry:Steven Scales:Tina Weymouth
305,Deep Red,Dario Argento,Dante Fioretti:Geraldine Hooper:Jacopo Mariani:Liana Del Balzo:Vittorio Fanfoni
306,Downhill Racer,Michael Ritchie,Carole Carle:Joe Jay Jalbert:Rip McManus:Tom J. Kirk:Walter Stroud
307,Alien,Ridley Scott,Bolaji Badejo:Eddie Powell:Harry Dean Stanton:Helen Horton:Ian Holm:Veronica Cartwright:Yaphet Kotto
308,Columbus,null,null
309,First Cow,Kelly Reichardt,Clayton Nemrow:Dylan Smith:Jared Kasowski:Jeb Berrier:John Keating:Kevin Michael Moore:Manuel Rodriguez:Mitchell Saddleback:Orion Lee:Patrick D. Green:Phelan Davis:T. Dan Hopkins:Todd A. Robinson
310,Night of the Living Dead,George A. Romero,A.C. McDonald:Bill Cardille:Charles Craig:Frank Doak:George Kosana:Judith Ridley:Karl Hardman:Keith Wayne:Kyra Schon:Marilyn Eastman:Mark Ricci:S. William Hinzman:Samuel R. Solito
311,The Artist,Michel Hazanavicius,Basil Hoffman:Beau Nelson:Ben Kurland:Bérénice Bejo:Beth Grant:Bitsie Tulloch:James Cromwell:Jean Dujardin:Jen Lilley:Joel Murray:John Goodman:Missi Pyle:Patrick Mapel:Penelope Ann Miller:Stuart Pankin
312,Yankee Doodle Dandy,Michael Curtiz,Douglas Croft:Eddie Foy Jr.:Minor Watson:S.Z. Sakall:Walter Catlett
313,The Human Voice,Pedro Almodóvar,null
314,Raging Bull,Martin Scorsese,Bill Hanrahan:Charles Scorsese:Don Dunphy:Frank Adonis:Frank Topham:Frank Vincent:Joseph Bono:Lori Anne Flax:Mario Gallo:Nicholas Colasanto:Rita Bennett:Theresa Saldana
315,Eternal Sunshine of the Spotless Mind,Michel Gondry,Amir Ali Said:Brian Price:David Cross:Debbon Ayer:Elijah Wood:Gerry Robert Byrne:Jane Adams:Kirsten Dunst:Mark Ruffalo:Paulie Litt:Ryan Whitney:Thomas Jay Ryan
316,The Piano,Jane Campion,Anna Paquin:Bruce Allpress:Carla Rupuha:Cliff Curtis:Geneviève Lemon:Ian Mune:Kerry Walker:Mahina Tunui:Pete Smith:Peter Dennett:Te Whatanui Skipwith:Tungia Baker
317,Of Mice and Men,Lewis Milestone,Baldwin Cooke:Helen Lynd:John Beach:Silver Tip Baker:Whitney De Rahm
318,Dead Souls,null,null
319,Zama,Lucrecia Martel,Camila Sosa
320,Dick Johnson Is Dead,Kirsten Johnson,null
321,High Noon,Fred Zinnemann,Eve McVeagh:Harry Morgan:Harry Shannon:Ian Macdonald:Katy Jurado:Lee Van Cleef:Lloyd Bridges:Lon Chaney Jr.:Morgan Farley:Otto Kruger:Robert J. Wilke:Sheb Wooley:Thomas Mitchell
322,Rebel Without a Cause,Nicholas Ray,Beverly Long:Ian Wolfe:Marietta Canty:Steffi Sidney:Virginia Brissac
323,Letters from Iwo Jima,Clint Eastwood,Eijiro Ozaki:Hiroshi Watanabe:Kazunari Ninomiya:Luke Eberl:Nae:Nobumasa Sakagami:Ryo Kase:Shido Nakamura:Sonny Saito:Steve Santa Sekiyoshi:Takashi Yamaguchi:Takumi Bando:Tsuyoshi Ihara:Yoshi Ando:Yuki Matsuzaki
324,The Seventh Continent (1989),Michael Haneke,Jennifer Rush
325,A Woman Under the Influence,John Cassavetes,Angelo Grisanti:Charles Horvath:Eddie Shaw:James Joyce:John Finnegan
326,Whiplash,Damien Chazelle,Adrian Burks:April Grace:Austin Stowell:C.J. Vana:Calvin C. Winbush:Charlie Ian:Chris Mulkey:Dakota Lupo:Damon Gupton:J.K. Simmons:Jayson Blair:Jesse Mitchell:Jocelyn Ayanna:Kavita Patil:Keenan Henson:Kofi Siriboe:Marcus Henderson:Max Kasch:Melissa Benoist:Michael D. Cohen:Miles Teller:Nate Lang:Paul Reiser:Rogelio Douglas Jr.:Suanne Spoke:Tarik Lowe:Tian Wang:Tyler Kimball
327,Once,John Carney,Alaistair Foley:Bill Hodnett:Danuse Ktrestova:Darren Healy:Geoff Minogue:Gerard Hendrick:Hugh Walsh:Krzysztos Tlotka:Mal Whyte:Marcella Plunkett:Niall Cleary:Tomek Glowacki:Wiltold Owski
328,Foreign Correspondent,Alfred Hitchcock,Albert Bassermann:Charles Halton:Charles Wagenheim:Eddie Conrad:Edmund Gwenn:Eduardo Ciannelli:Frances Carson:George Sanders:Harry Davenport:Herbert Marshall:Ian Wolfe:Martin Kosleck:Robert Benchley
329,The Arbor,Clio Barnard,Andrea Dunbar:Andrew Dunbar:Christine Bottomley:David Dunbar:George Costigan:Jimi Mistry:Jonathan Jaynes:Kate Rutter:Lorraine Dunbar:Matthew McNulty:Monica Dolan:Natalie Gavin:Neil Dudgeon:Pamela Dunbar:Robert Emms
330,Long Day's Journey Into Night,Gan Bi,Jian Jun Ding:Kailong Jiang:Ming Dao:Xi Qi:Zezhi Long
331,Richard III,Laurence Olivier,Andrew Cruickshank:Clive Morton:Norman Fisher:Russell Thorndike:Wallace Bosco
332,Democrats,null,null
333,The Lion King,Rob Minkoff Roger Allers,Cheech Marin:Ernie Sabella:Jim Cummings:Jonathan Taylor Thomas:Madge Sinclair:Moira Kelly:Nathan Lane:Niketa Calame:Robert Guillaume:Rowan Atkinson:Zoe Leader
334,4 Little Girls,null,null
335,Wild Strawberries,null,null
336,Ghost World,Terry Zwigoff,Bob Balaban:Brad Renfro:Brian George:Charles C. Stevenson Jr.:Dave Sheridan:Debra Azar:Illeana Douglas:Pat Healy:Rini Bell:Scarlett Johansson:Stacey Travis:T.J. Thyne:Tom McGowan
337,Crime + Punishment,Stephen T. Maing,null
338,The Seventh Seal,Ingmar Bergman,Åke Fridell:Anders Ek:Erik Strandmark:Gunnar Olsson:Siv Aleros
339,Y Tu Mamá También,Alfonso Cuarón,Ana López Mercado:Andrés Almeida:Arturo Ríos:Daniel Giménez Cacho:Diana Bracho:Diego Luna:Emilio Echevarría:Giselle Audirac:Juan Carlos Remolina:Liboria Rodríguez:María Aura:Marta Aura:Nathan Grinberg:Verónica Langer
340,Paddington 2,Paul King,Alex Jordan:Ben Miller:Ben Whishaw:Brendan Gleeson:Daniel Stisen:Deepak Anand:Emeson Nwolie:Helena Holmes:Hugh Bonneville:Hugh Grant:Imelda Staunton:Jackson Kai:Jag Patel:Jamie Demetriou:Jason Wright:Javone Prince:Jermaine Humes:Jessica Hynes:Jim Broadbent:Joanna Lumley:Julie Walters:Kobna Holdbrook-Smith:Kya Garwood:Madeleine Harris:Marlonde Pierre:Nicholas Woodeson:Noah Taylor:Peter Capaldi:Richard Ayoade:Robbie Gee:Sally Hawkins:Samuel Joslin:Sanjeev Bhaskar:Tom Davis
341,The Little Mermaid,John Musker Ron Clements,Ben Wright:Debbie Shapiro Gravitte:Hamilton Camp:Robert Weil:Will Ryan
342,City Hall,Frederick Wiseman,null
343,Capote,Bennett Miller,Allie Mickelson:Andrew Farago:Bronwen Coleman:Chris Cooper:Craig Archibald:David Wilson Barnes:Kate Shindle:Kelci Stephenson:Ken Krotowich:Kwesi Ameyaw:Michael J. Burg:R.D. Reid:Rob McLaughlin
344,The Death of Stalin,Armando Iannucci,Alexandr Piskunov:Andrey Korzhenevskiy:Andy Gathergood:Cara Horgan:Dermot Crowley:Diana Quick:Jeremy Limb:Jonathan Aris:Justin Edwards:Nicholas Woodeson:Paul Ready:Paul Whitehouse:Roger Ashton-Griffiths:Simon Russell Beale:Sylvestra Le Touzel:Tom Brooke:Yulya Muhrygina
345,Miracle on 34th Street,George Seaton,Dorothy Christy:Harry Antrim:Kevin Burke:Lela Bliss:Walden Boyle
346,Strangers on a Train,Alfred Hitchcock,Joel Allen:Monya Andre:Murray Alper:Norma Varden:Robert Gist
347,Tulpan,Sergei Dvortsevoy,Askhat Kuchencherekov:Bereke Turganbayev:Ondas Besikbasov:Samal Esljamova:Tolepbergen Baisakalov
348,Manuscripts Don't Burn,Mohammad Rasoulof,null
349,In Transit,Albert Maysles Benjamin Wu David Usui Lynn True Nelson Walker III,null
350,"Three Billboards Outside Ebbing, Missouri",Martin McDonagh,Abbie Cornish:Amanda Mason Warren:Brendan Sexton III:Caleb Landry Jones:Clarke Peters:Frances McDormand:John Hawkes:Kathryn Newton:Kerry Condon:Lucas Hedges:Malaya Rivera Drew:Nick Searcy:Peter Dinklage:Sam Rockwell:Samara Weaving:Sandy Martin:Selah Atwood:Woody Harrelson:Željko Ivanek
351,Quest,Jonathan Olshefski,Alfonso Glenn:Daniel Moll:Kevin V. Kelley:Meatball:Tyrone Moore
352,Au Revoir les Enfants,null,null
353,A Film Unfinished,Yael Hersonski,Alexander Beyer:Rüdiger Vogler
354,Things to Come,Mia Hansen-Løve,André Marcon:Charline Bourgeois-Tacquet:Edith Scob:Elise Lhomeau:Grégoire Montana:Guy-Patrick Sainderichin:Isabelle Huppert:Larissa Guist:Lina Benzerti:Lionel Dray:Marion Ploquin:Rachel Arditi:Roman Kolinka:Sarah Lepicard:Solal Forte:Yves Heck
355,The Grand Budapest Hotel,Wes Anderson,Adrien Brody:Bill Murray:Bob Balaban:Edward Norton:F. Murray Abraham:Harvey Keitel:Jason Schwartzman:Jeff Goldblum:Jude Law:Léa Seydoux:Owen Wilson:Ralph Fiennes:Saoirse Ronan:Tilda Swinton:Tom Wilkinson:Willem Dafoe
356,Winter Sleep,Nuri Bilge Ceylan,Ayberk Pekcan:Demet Akbag:Ekrem Ilhan:Emirhan Doruktutan:Fatma Deniz Yildiz:Haluk Bilginer:Mehmet Ali Nuroglu:Melisa Sözen:Nadir Saribacak:Nejat Isler:Rabia Özel:Serhat Mustafa Kiliç:Tamer Levent
357,Citizenfour,Laura Poitras,Barack Obama:Edward Snowden:Ewen MacAskill:Glenn Greenwald:Jacob Appelbaum:Jeremy Scahill:Julian Assange:Kevin Bankston:Laura Poitras:Lindsay Mills:William Binney
358,Time Out,Laurent Cantet,Christophe Charles:Didier Perez:Elisabeth Joinet:Félix Cantet:Jean-Pierre Mangeot:Marie Cantet:Maxime Sassier:Monique Mangeot:Nicolas Kalsch:Nigel Palmer:Olivier Lejoubioux:Philippe Jouannet:Serge Livrozet
359,The Blue Angel (re-release),Josef von Sternberg,Carl Balhaus:Charles Puffy:Eduard von Winterstein:Gerhard Bienert:Hans Roth:Reinhold Bernt:Robert Klein-Lörk:Roland Varno:Rolf Müller:Wilhelm Diegelmann
360,Thelma & Louise,Ridley Scott,Brad Pitt:Carol Mansell:Christopher McDonald:Harvey Keitel:Jason Beghe:Ken Swofford:Lucinda Jenney:Michael Madsen:Shelly Desai:Sonny Carl Davis:Stephen Polk:Stephen Tobolowsky:Timothy Carhart
361,Away from Her,Sarah Polley,Alberta Watson:Andrew Moodie:Carolyn Hetherington:Clare Coulter:Deanna Dezmari:Grace Lynn Kung:Judy Sinclair:Lili Francks:Olympia Dukakis:Stacey LaBerge:Thomas Hauff:Tom Harvey:Wendy Crewson
362,The Fallen Idol (re-release),Carol Reed,Bernard Lee:Bobby Henrey:Dandy Nichols:Denis O'Dea:Geoffrey Keen:Gerard Heinz:Jack Hawkins:James Hayter:Joan Young:Karel Stepanek:Sonia Dresdel:Torin Thatcher:Walter Fitzgerald
363,Fat City,John Huston,Al Silvani:Álvaro López:Bill Riddle:Carl D. Parker:Ruben Navarro
364,Foxtrot,Samuel Maoz,Aryeh Cherner:Eden Daniel:Eden Gmliel:Ilia Grosz:Itay Exlroad:Yael Eisenberg
365,Howards End,James Ivory,Adrian Ross Magenty:Helena Bonham Carter:Ian Latimer:James Wilby:Jemma Redgrave:Jo Kendall:Joseph Bennett:Mary Nash:Prunella Scales:Samuel West:Siegbert Prawer:Susie Lindeman:Vanessa Redgrave
366,The Innocents,null,null
367,Inside Job,Charles Ferguson,Matt Damon
368,The Father,Florian Zeller,null
369,Leave No Trace,Debra Granik,Alyssa Lynn:Art Hickman:Bob Werfelman:David Pittman:Eric Sahlstrom:Jeff Kober:Jeffery Rifflard:Kyle Stoltz:Lane Stiemsma:Michael J. Prosser:Peter Simpson:Sabina Mach:Spencer S. Hanley:Stephanie Barton-Farcas:Tamera Westlake:Thomasin McKenzie:Tony Ruiz:Zack Leary
370,Three Colors: White,Krzysztof Kieslowski,Aleksander Bardini:Barbara Dziekan:Cezary Harasimowicz:Cezary Pazura:Francis Coffinet:Grzegorz Warchol:Janusz Gajos:Jerzy Nowak:Jerzy Stuhr:Jerzy Trela:Michel Lisowski:Philippe Morier-Genoud:Piotr Machalica
371,Chicken Run,Nick Park Peter Lord,Benjamin Whitrow:Imelda Staunton:Jane Horrocks:Jo Allen:John Sharian:Laura Strachan:Lisa Kay:Lynn Ferguson:Miranda Richardson:Penélope Cruz:Phil Daniels:Timothy Spall:Tony Haygarth
372,The King's Speech,Tom Hooper,Anthony Andrews:Calum Gittins:Derek Jacobi:Dominic Applewhite:Eve Best:Filippo Delaunay:Freya Wilson:Guy Pearce:Harry Sims:Jennifer Ehle:Max Callum:Michael Gambon:Tim Downie:Timothy Spall
373,Hell or High Water,David Mackenzie,Alma Sisneros:Amber Midthunder:Ben Foster:Buck Taylor:Chris Pine:Crystal Gonzales:Dale Dickey:Dylan Kenin:Gil Birmingham:Gregory Cruz:Howard Ferguson Jr.:J. Nathan Simmons:Jackamoe Buzzell:Jeff Bridges:Joe Berryman:John-Paul Howard:Katy Mixon:Keith Meriweather:Kevin Rankin:Kristin Berg:Lora Martinez-Cunningham:Marin Ireland:Melanie Papalia:Ricky Lee:Taylor Sheridan:William Sterchi
374,Up,Bob Peterson Pete Docter,Bob Peterson:Christopher Plummer:Danny Mann:David Kaye:Delroy Lindo:Donald Fullilove:Elie Docter:Jeremy Leary:Jerome Ranft:Jess Harnell:Josh Cooley:Mickie McGowan
375,Shirkers,null,null
376,Mildred Pierce,Michael Curtiz,Betty Alexander:Bill Alcorn:George Anderson:James Anderson:Ramsay Ames
377,45365,Bill Ross IV Turner Ross,null
378,Tootsie,Sydney Pollack,Bill Murray:Charles Durning:Dabney Coleman:Debra Mooney:Doris Belack:Ellen Foley:Geena Davis:George Gaynes:Jessica Lange:Lynne Thigpen:Peter Gatto:Ronald L. Schwary:Sydney Pollack:Teri Garr
379,Marooned in Iraq,Bahman Ghobadi,Allah-Morad Rashtian:Bahram Sarbazi:Faegh Mohamadi:Fathollah Sa'edi:Hossein Rashid-Ghamat:Iran Ghobadi:Mariam Pouyani:Rojan Hosseini:Saeed Mohammadi:Shahab Ebrahimi
380,To Kill a Mockingbird,Robert Mulligan,Alice Ghostley:Brock Peters:Collin Wilcox Paxton:Crahan Denton:Estelle Evans:Frank Overton:James Anderson:John Megna:Paul Fix:Richard Hale:Robert Duvall:Rosemary Murphy:Ruth White:William Windom
381,Aquarius,null,null
382,"So Long, My Son",Xiaoshuai Wang,null
383,The Killing of Two Lovers,null,null
384,Apollo 11,Todd Douglas Miller,Bruce McCandless II:Charles Duke:Gene Kranz:Glynn Lunney:Jim Lovell:Lyndon Johnson
385,Anomalisa,Charlie Kaufman Duke Johnson,David Thewlis:Jennifer Jason Leigh:Tom Noonan
386,Toy Story 2,Ash Brannon John Lasseter Lee Unkrich,Annie Potts:Don Rickles:Estelle Harris:Jim Varney:Joan Cusack:Jodi Benson:Joe Ranft:John Morris:John Ratzenberger:Kelsey Grammer:Laurie Metcalf:Wallace Shawn:Wayne Knight
387,Black Panther,Ryan Coogler,Andy Serkis:Angela Bassett:Atandwa Kani:Bambadjan Bamba:Cecil M. Henry:Chadwick Boseman:Danai Gurira:Daniel Kaluuya:David S. Lee:Florence Kasumba:Forest Whitaker:Isaach De Bankolé:Jeremy Sample:John Kani:Letitia Wright:Lupita Nyong'o:Martin Freeman:Michael B. Jordan:Michael David Yuhl:Phylicia Rashad:Sebastian Stan:Stan Lee:Sterling K. Brown:Sydelle Noel:Winston Duke
388,Brooklyn,John Crowley,Aine Ni Mhuiri:Alisha Heng:Alisha Reis:Barbara Drennan:Brid Brennan:Domhnall Gleeson:Eileen O'Higgins:Emily Bett Rickards:Emma Lowe:Emory Cohen:Eva Birthistle:Eve Macklin:Fiona Glascott:Gillian McCarthy:Hugh Gormley:James Corscadden:Jane Brennan:Jenn Murray:Jim Broadbent:Julie Walters:Karen Belfo:Maeve McGrath:Mary O'Driscoll:Matt Glynn:Michael Zegen:Nora-Jane Noone:Paulino Nuñes:Peter Campion:Saoirse Ronan
389,Nobody Knows,null,null
390,Life Is Sweet,Mike Leigh,Claire Skinner:David Neilson:David Thewlis:Harriet Thorpe:Jack Thorpe-Baker:Jane Horrocks:Moya Brady:Paul Trussel:Stephen Rea:Timothy Spall
391,Faces,null,null
392,Mary Poppins,null,null
393,The Lord of the Rings: The Two Towers,null,null
394,L'Enfant (The Child),Jean-Pierre Dardenne Luc Dardenne,Anne Gerard:Bernard Marbaix:Delphine Tomson:Fabrizio Rongione:François Olivier:Frédéric Bodson:Jean-Claude Boniverd:Jérémie Segard:Leon Michaux:Marie-Rose Roland:Olivier Gourmet:Samuel De Ryck:Stéphane Marsin
395,Sweet Country,Warwick Thornton,Sam Neill:Sotiris Tzelios:Thomas M. Wright
396,Jane Fonda in Five Acts,null,null
397,Newtown,Kim A. Snyder,null
398,Poetry,Chang-dong Lee,Da-wit Lee:Hira Kim:Jeong-hie Yun:Nae-sang Ahn:Yong-taek Kim
399,Restless Creature: Wendy Whelan,Adam Schlesinger Linda Saffire,Wendy Whelan
400,Birdman or (The Unexpected Virtue of Ignorance),Alejandro González Iñárritu,Akira Ito:Amy Ryan:And Palladino:Andrea Riseborough:Anna Hardwick:Benjamin Kanes:Bill Camp:Bomber Hurley-Smith:Carrie Ormond:Clark Middleton:Damian Young:David Fierro:David Itchkawitz:Dusan Dukic:Edward Norton:Emma Stone:Jamahl Garrison-Lowe:Jeremy Shamos:Joel Garland:Katherine O'Sullivan:Keenan Shimizu:Kelli Wilcoxen:Kelly Southerland:Kenny Chin:Lindsay Duncan:Marian Volk:Merritt Wever:Michael Keaton:Naomi Watts:Natalie Gold:Paula Blum:Raymond Mamrak:Stefanie Bari:Stefano Villabona:Teena Byrd:Zach Galifianakis
401,Shakespeare in Love,John Madden,Antony Sher:Bridget McConnell:Georgie Glen:Judi Dench:Martin Clunes:Nicholas Boulton:Patrick Barlow:Sandra Reinton:Simon Callow:Steven Beard:Steven O'Donnell:Tim McMullan:Tom Wilkinson
402,The Awful Truth,Leo McCarey,Al Bridge:Claud Allister:Mary Forbes:Ruth Cherrington:Wyn Cahoon
403,Can You Ever Forgive Me?,Marielle Heller,Alice Kremelberg:Anna Deavere Smith:Anne Hollister:Ben Rauch:Brandon Scott Jones:Dolly Wells:Joanna Adler:Kevin Carolan:Marc Evan Jackson:Marcus Choi:Mary B. McCann:Michael Cyril Creighton:Michael Laurence:Moisés Acevedo:Rosal Colon:Shae D'Lyn:Stephen Spinella:Tiffany Blair
404,Wolfwalkers,null,null
405,It Happened One Night,Frank Capra,Harry C. Bradley:Irving Bacon:Jessie Arnold:Ward Bond:William Bailey
406,The Body Remembers When the World Broke Open,Elle-Máijá Tailfeathers Kathleen Hepburn,Anesha Bailey:Charles Jarman:Glenn Cho:Joan Boisjoly:Paul Jarrett
407,The Missing Picture,Rithy Panh,Randal Douc
408,"I Travel Because I Have to, I Come Back Because I Love You",Karim Ainouz Marcelo Gomes,Irandhir Santos
409,The Invisible Man,James Whale,Donald Stuart:Merle Tottenham:Robert Adair:Ted Billings:Walter Brennan
410,Scarface,Howard Hawks Richard Rosson,Edwin Maxwell:Eugenie Besserer:Gus Arnheim:Henry Armetta:Inez Palange
411,Of Men and War,Laurent Bécue-Renard,null
412,The Long Goodbye,Robert Altman,Enrique Lucero:Jack Knight:Pancho Córdova:Pepe Callahan:Vincent Palmieri
413,Imitation of Life,Douglas Sirk,Ann Robinson:David Tomack:Lee Goodman:Sandra Gould:Troy Donahue
414,Pain and Glory,Pedro Almodóvar,Agustín Almodóvar:Alba García:César Vicente:Eva Martín:Julián López:Pedro Casablanc:Raúl Arévalo:Sara Sierra:Susi Sánchez
415,Genèse (Genesis),Philippe Lesage,Ariane L'Heureux:Guillaume Laurin:Jean-Simon Leduc:Mylène Mackay:Noémi Lira:Tayna V. Lavoie
416,The Farthest,Emer Reynolds,Frank Locatell:Heidi Hammel:James F. Bell:Jon Lomberg:Suzanne Dodd
417,Gomorrah,Matteo Garrone,Angelo Aliberti:Antonio Aiello:Antonio Amato:Carmine Paternoster:Ciro Petrone:Denis Bajrami:Dora Angelone:Gigio Morra:Marco Macor:Maria Nazionale:Salvatore Cantalupo:Vincenzo Altamura
418,To Be and to Have,Nicolas Philibert,Alizé:Axel:Franck:Georges Lopez:Guillaume:Jessie:Johan:Johann:Jonathan:Julien:Laura:Létitia:Marie-Elizabeth:Nathalie:Olivier
419,Halloween,John Carpenter,Adam Hollander:Arthur Malet:Brent Le Page:Brian Andrews:Charles Cyphers:John Michael Graham:Kyle Richards:Mickey Yablans:Nancy Kyes:Nancy Stephens:P.J. Soles:Robert Phalen
420,Eraserhead,David Lynch,Darwin Joston:Hal Landon Jr.:Jennifer Chambers Lynch:John Monez:T. Max Graham
421,Medium Cool,Haskell Wexler,Beverly Younger:Doug Kimball:Edward Croke:Marrian Walters:Peter Boyle
422,Fire at Sea,Gianfranco Rosi,Francesco Mannino:Francesco Paterna:Giuseppe Fragapane:Maria Costa:Maria Signorello:Mattias Cucina:Pietro Bartolo:Samuele Caruana:Samuele Pucillo
423,The Fugitive,Andrew Davis,Andreas Katsulas:Daniel Roebuck:Jeroen Krabbé:Joe Pantoliano:John Drummond:Joseph F. Kosala:Julianne Moore:L. Scott Caldwell:Miguel Nino:Ron Dean:Sela Ward:Tom Wood:Tony Fosco
424,F for Fake,François Reichenbach Gary Graver Oja Kodar Orson Welles,Alexander Welles:Gary Graver:Howard Hughes:Joseph Cotten:Richard Drewett
425,About Elly (2009),Asghar Farhadi,Ahmad Mehranfar:Golshifteh Farahani:Mani Haghighi:Marila Zare'i:Peyman Moaadi:Ra'na Azadivar:Saber Abbar:Shahab Hosseini:Taraneh Alidoosti
426,The Bridge on the River Kwai,David Lean,Ann Sears:Harold Goodwin:Heihachirô Ôkawa:Keiichirô Katsumoto:M.R.B. Chakrabandhu
427,Goldfinger,Guy Hamilton,Austin Willis:Bernard Lee:Bill Nagy:Cec Linder:Harold Sakata:Lois Maxwell:Martin Benson:Michael Mellinger:Nadja Regin:Peter Cranwell:Shirley Eaton:Tania Mallet
428,Ma Rainey's Black Bottom,George C. Wolfe,Antonio Fierro:Brent Feitl:Gregory Bromfield:James Ciesielski:Jordan Rhone:Phil Nardozzi:Tony Amen
429,One False Move,Carl Franklin,Cynda Williams:Derrick Williams:Earl Billings:Jim Metzler:Jimmy Bridges:Kevin Hunter:Meredith 'Jeta' Donovan:Michael Beach:Natalie Canerday:Phyllis Kirklin:Phyllis Sutton:Robert Anthony Bell:Robert Ginnaven
430,En el Séptimo Día (On the Seventh Day),Jim McKay,Alex Halpern:Christopher Gabriel Núñez:Delfino Solis:Donal Brophy:Ernesto Lucero
431,Jane,Brett Morgen,null
432,Jaws,null,null
433,We Are the Best!,Lukas Moodysson,Alexander Karlsson:Alvin Strollo:Ann-Sofie Rase:Anna Rydgren:Berndt:Charlie Falk:Clara Christiansson:David Dencik:Emrik Ekholm:Henrik Dahl:Johan Liljemark:Jonathan Salomonsson:Lena Carlsson:Lena Nylén:Lily Moodysson:Liv LeMoyne:Mads Korsgaard:Mattias Wiberg:Mira Barkhammar:Mira Grosin:Per Fenger-Krog:Peter Eriksson:Serina Bj:Sofi Ahlström Helleday:Steve Kratz:Vanja Engstr:Viveca Dahlén:Ylva Olaison
434,Spartacus,null,null
435,Small Axe: Education,Steve McQueen,Conor Lowson:Eddie-Joe Robinson:Jaden Oshenye:Nathan Vidal:Robert Godley-Harrod
436,About Endlessness,null,null
437,Back to the Future,Robert Zemeckis,"Billy Zane:Casey Siemaszko:Claudia Wells:Crispin Glover:Frances Lee McCain:George DiCenzo:Harry Waters, Jr.:J.J. Cohen:James Tolkan:Lea Thompson:Marc McClure:Thomas F. Wilson:Wendie Jo Sperber"
438,If Beale Street Could Talk,Barry Jenkins,Aunjanue Ellis:Brian Tyree Henry:Colman Domingo:Doris McCarthy:Ed Skrein:Emily Rios:Faith Logan:Finn Wittrock:Marcia Jean Kurtz:Pedro Pascal:Stephan James:Teyonah Parris
439,My Journey Through French Cinema,Bertrand Tavernier,Antoine Duhamel:Bertrand Tavernier:Claude Chabrol:Eddie Constantine:Françoise Giroud:Georges de Beauregard:Jacques Becker:Jean Gabin:Jean-Luc Godard:Jean-Paul Belmondo:Jean-Paul Gaultier:Marcel Carné:Michel Deville:Raoul Coutard:Thierry Frémaux
440,Wallace & Gromit: The Curse of the Were-Rabbit,Nick Park Steve Box,Dicken Ashworth:Edward Kelsey:Geraldine McEwan:John Thomson:Liz Smith:Mark Gatiss:Nicholas Smith:Noni Lewis:Pete Atkin:Peter Kay:Robert Horvath:Vincent Ebrahim
441,The Diary of a Teenage Girl,Marielle Heller,Abby Wait:Alexander Skarsgård:Austin Lyon:Bel Powley:Carson Mell:Charles Lewis III:Christopher Meloni:David Fine:Davy Clements:Domino The Cat:Drew Benda:Giovanni Miller:John Parsons:Kristen Wiig:Madeleine Waters:Margarita Levieva:Miranda Bailey:Natalie Stephany Aguilar:Quinn Nagle:Samantha Hyde:Susannah Schulman
442,Elena,Andrei Zvyagintsev,null
443,All Is Lost,J.C. Chandor,Robert Redford
444,Hereditary,Ari Aster,A.J. Moss:Ann Dowd:Austin R. Grant:Brock McKinney:Chad Wright:Gerry Garcia:Heidi Méndez:Jarrod Phillips:Jason Miyagi:John Forker:Lorenzo Silva:Mallory Bechtel:Marilyn Miller:Moises L. Tovar:Rachelle Hardy:Shane Morrisun:Zachary Arthur
445,Listen to Me Marlon,Stevan Riley,Marlon Brando
446,Gideon's Army,null,null
447,Serpico (re-release),Sidney Lumet,Albert Henderson:Allan Rich:Barbara Eda-Young:Biff McGuire:Cornelia Sharpe:Damien Leake:Edward Grover:Hank Garrett:Jack Kehoe:John Medici:Joseph Bova:Norman Ornellas:Tony Roberts
448,Maria Full of Grace,Joshua Marston,Charles Albert Patiño:Evangelina Morales:Fabricio Suarez:Jaime Osorio Gómez:Johanna Andrea Mora:John Álex Toro:Juana Guarderas:Mateo Suarez:Rodrigo Sánchez Borhorquez:Victor Macias:Virgina Ariza:Wilson Guerrero:Yenny Paola Vega
449,Fateless,null,null
450,Happy as Lazzaro,Alice Rohrwacher,Alessandro Genovesi:Annunziata Capretto:Antonio Salines:Carlo Massimino:Daria Pascal Attolini:Davide Denci:Ettore Scarpa:Gala Othero Winter:Giulia Caccavello:Leonardo Nigro:Luca Chikovani
451,The Fog of War: Eleven Lessons from the Life of Robert S. McNamara,Errol Morris,Barry Goldwater:Curtis LeMay:Errol Morris:Franklin Delano Roosevelt:Harry Reasoner:Lyndon Johnson:Nikita Khrushchev:Woodrow Wilson
452,Uncle Boonmee Who Can Recall His Past Lives,null,null
453,Brokeback Mountain,Ang Lee,Anna Faris:Anne Hathaway:David Harbour:David Trimble:Kate Mara:Lachlan Mackintosh:Larry Reese:Linda Cardellini:Marty Antonini:Randy Quaid:Valerie Planche:Víctor Reyes
454,Cemetery of Splendor,Apichatpong Weerasethakul,Apinya Unphanlam:Banlop Lomnoi:Bhattaratorn Senkraigul:Boonyarak Bodlakorn:Jarinpattra Rueangram:Jenjira Jansuda:Jenjira Pongpas:Kammanit Sansuklerd:Petcharat Chaiburi:Pongsadhorn Lertsukon:Richard Abramson:Sakda Kaewbuadee:Sasipim Piwansenee:Sujittraporn Wongsrikeaw:Tawatchai Buawat:Wacharee Nagvichien
455,The Kid with a Bike,Jean-Pierre Dardenne Luc Dardenne,Batiste Sornin:Carl Jadot:Cécile De France:Claudy Delfosse:Egon Di Mateo:Fabrizio Rongione:Frédéric Dussenne:Hicham Slaoui:Jean-Michel Balthazar:Jérémie Renier:Myriem Akeddiou:Olivier Gourmet:Samuel De Rijk:Sandra Raco:Thomas Doret
456,Mutiny on the Bounty,Frank Lloyd,Byron Russell:David Torrence:Mamo Clark:Movita:Percy Waram
457,Spider-Man: Into the Spider-Verse,Bob Persichetti Peter Ramsey Rodney Rothman,Alycia Cooper:Brian Tyree Henry:Chris Pine:Jessica Mikayla Adams:John Mulaney:Kathryn Hahn:Kimiko Glenn:Liev Schreiber:Lily Tomlin:Mahershala Ali:Melanie Haynes:Muneeb Rehman:Natalie Morales:Natalie Morales:Nick Jaine:Nicolas Cage:Shameik Moore
458,The Wicker Man,Robin Hardy,Barbara Rafferty:Ian Campbell:Leslie Blackater:Peter Brewis:Roy Boyd
459,Love & Friendship,Whit Stillman,Chloë Sevigny:Conor Lambert:Conor MacNeill:Emma Greenwell:Frank Prendergast:James Fleet:Jemma Redgrave:Jenn Murray:Jordan Waller:Justin Edwards:Kate Beckinsale:Kelly Campbell:Lochlainn O'Mearain:Morfydd Clark:Ross Mac Mahon:Sophie Radermacher:Stephen Fry:Tom Bennett:Xavier Samuel
460,Particle Fever,Mark Levinson,Albert de Roeck:Andy Cohen:Asmina Arvanitaki:Christophe Clement:David Kaplan:Fabiola Gianotti:James Beacham:Jed Biesiada:Katherine Copic:Kyle Cranmer:Martin Aleksa:Mike Lamont:Monica Dunford:Nima Arkani-Hamed:Savas Dimopoulos
461,Tarnation,Jonathan Caouette,Adolph Davis:Dagon James:David Leblanc:David Sanin Paz:Greg Ayres:Joshua Williams:Michael Cox:Michael Mouton:Renee Leblanc:Rosemary Davis:Stacey Mowery:Steve Caouette:Vanda Stovall:Vivian Kalinov
462,Microcosmos,null,null
463,Murderball,Dana Adam Shapiro Henry Alex Rubin,Andy Cohn:Bob Lujano:Christopher Igoe:Dave Willsie:Joe Bishop:Kevin Orr:Scott Hogsett
464,Life Itself,Steve James Steve James,A.O. Scott:Ava DuVernay:Chaz Ebert:Errol Morris:Gene Siskel:Marlene Iglitzen:Marlene Siskel:Martin Scorsese:Ramin Bahrani:Roger Ebert:Stephen Stanton:Werner Herzog:William Nack
465,The Shape of Water,Guillermo del Toro,Allegra Fulton:Amanda Smith:Cyndy Day:David Hewlett:Doug Jones:Dru Viergever:Evgeny Akimov:Jayden Greig:John Kapelos:Lauren Lee Smith:Madison Ferguson:Martin Roach:Marvin Kaye:Maxine Grossman:Michael Shannon:Michael Stuhlbarg:Morgan Kelly:Nick Searcy:Octavia Spencer:Richard Jenkins:Sally Hawkins
466,Rewind,Sasha Joseph Neulinger,null
467,Shine,Scott Hicks,Alex Rafalowicz:Chris Haywood:Danielle Cox:Gordon Poole:John Cousins:Justin Braine:Marta Kaczmarek:Nicholas Bell:Noah Taylor:Paul Linkson:Randall Berger:Rebecca Gooden:Sonia Todd
468,Bisbee '17,Robert Greene,Annie Graeme-Larkin:Laurie McKenna:Mel Ray:Richard Hodges:Steve Ray:Sue Ray
469,Grizzly Man,Werner Herzog,Carol Dexter:David Letterman:Franc G. Fallico:Jewel Palovak:Kathleen Parker:Marc Gaede:Marnie Gaede:Sam Egli:Sven Haakanson Jr.:Val Dexter:Warren Queeney:Werner Herzog:Willy Fulton
470,Adam's Rib,George Cukor,Bonnie Bannon:Charles Bastin:Elizabeth Flournoy:Polly Moran:Will Wright
471,Gregory Crewdson: Brief Encounters,null,null
472,Moneyball,Bennett Miller,Adrian Bellani:Chris Pratt:Erin Pickett:Glenn Morshower:James Shanklin:Kathryn Morris:Keith Middlebrook:Olivia Dudley:Philip Seymour Hoffman:Sergio Garcia:Stephen Bishop:Tammy Blanchard
473,The Autobiography of Nicolae Ceausescu,Andrei Ujica,Charles de Gaulle:Edward Gierek:Elena Ceausescu:Erich Honecker:Jimmy Carter:Kim Ir-Sen:Leonid Brezhnev:Mao Zedong:Mikhail Gorbachev:Nicolae Ceausescu:Prince Philip:Queen Elizabeth II:Richard Nixon:Wladyslaw Gomulka:Wojciech Jaruzelski
474,All About My Mother,Pedro Almodóvar,Antonia San Juan:Candela Peña:Carlos Lozano:Carmen Balagué:Eloy Azorín:Fernando Fernán Gómez:Fernando Guillén:José Luis Torrijo:Juan José Otegui:Manuel Morón:Penélope Cruz:Rosa Maria Sardà:Toni Cantó
475,The English Patient,Anthony Minghella,Clive Merrison:Colin Firth:Geordie Johnson:Hichem Rostom:Julian Wadham:Jürgen Prochnow:Kevin Whately:Naveen Andrews:Nino Castelnuovo:Peter Rühring:Torri Higginson
476,The Duke of Burgundy,Peter Strickland,Chiara D'Anna:Eszter Tompa:Eugenia Caruso:Fatma Mohamed:Kata Bartsch:Monica Swinn:Sidse Babett Knudsen:Zita Kraszkó
477,My Golden Days,null,null
478,Nebraska,Alexander Payne,Angela McEwan:Anthony G. Schmidt:Bob Odenkirk:Bruce Dern:Dennis McCoig:Devin Ratray:Elizabeth Moore:Gelndora Stitt:June Squibb:Kevin Kunkel:Mary Louise Wilson:Melinda Simonsen:Missy Doty:Rance Howard:Ronald Vosta:Stacy Keach:Stephen Clayton:Tim Driscoll:Will Forte
479,What the Constitution Means to Me,Marielle Heller,null
480,A Tale of Two Cities,null,null
481,Force Majeure,Ruben Östlund,Adrian Heinisch:Brady Corbet:Clara Wettergren:Fanni Metelius:Franco Moscon:Jakob Granqvist:Johannes Kuhnke:Johannes Moustos:Jorge Lattof:Julie Roumogoux:Karin Myrenberg:Karl Pincon:Kristofer Hivju:Lisa Loven Kongsli:Malin Dahl:Michael Breitenberger:Peter Gaunt:Vincent Wettergren
482,Tampopo,Jûzô Itami,Fukumi Kuroda:Hideji Ôtaki:Kinzô Sakura:Kôji Yakusho:Mario Abe:Masahiko Tsugawa:Rikiya Yasuoka:Sen Hara:Setsuko Shinoi:Yoriko Douguchi:Yoshi Katô:Yoshihiro Kato
483,Blow Out,Brian De Palma,Cindy Manion:Curt May:Deborah Everton:J. Patrick McNamara:John Aquino:John McMartin:Lori-Nan Engler:Missy Cleveland:Missy Crutchfield:Peter Boyden:Roger Wilson
484,Diane,Kent Jones,Cara Yeates:David Tuttle:Jenny Kirlin:Joe James:Laura Knight:Marcia Haufrecht:Mike Hartman:Patrick Husted:Ray Iannicelli
485,The Magician,Ingmar Bergman,Åke Fridell:Axel Düberg:Oscar Ljung:Sif Ruud:Ulla Sjöblom
486,The Thin Man,W.S. Van Dyke,Asta:Cyril Thornton:Edward Brophy:Edward Ellis:Natalie Moorhead
487,Russian Ark,Aleksandr Sokurov,Aleksandr Chaban:Alla Osipenko:Artyom Strelnikov:David Giorgobiani:Leonid Mozgovoy:Lev Yeliseyev:Maksim Sergeyev:Mariya Kuznetsova:Mikhail Piotrovsky:Natalya Nikulenko:Oleg Khmelnitsky:Sergei Dontsov:Tamara Kurenkova:Yelena Rufanova:Yelena Spiridonova
488,Point Blank,John Boorman,Kathleen Freeman:Lawrence Hauben:Roberta Haynes:Susan Holloway:Victor Creatore
489,Lincoln,Steven Spielberg,Adam Driver:Bruce McGill:Daniel Day-Lewis:David Costabile:David Oyelowo:David Strathairn:Hal Holbrook:Jackie Earle Haley:James Spader:Jared Harris:John Hawkes:Joseph Cross:Joseph Gordon-Levitt:Julie White:Lee Pace:Michael Stuhlbarg:Peter McRobbie:Sally Field:Tim Blake Nelson:Tommy Lee Jones:Walton Goggins
490,The Wolf House,Cristóbal León Joaquín Cociña,null
491,An Elephant Sitting Still,Bo Hu,Binyuan Li:Danyi Li:Qing Li:Suyun Li:Yixin Kong
492,Room,Lenny Abrahamson,Amanda Brugel:Brad Wietersen:Brie Larson:Cas Anvar:Chantelle Chung:Jack Fulton:Jacob Tremblay:Jee-Yun Lee:Joan Allen:Joe Pingue:Justin Mader:Kate Drummond:Matt Gordon:Megan Park:Randal Edwards:Sandy McMaster:Sean Bridgers:Tom McCamus:Wendy Crewson:William H. Macy:Zarrin Darnell-Martin
493,The Tillman Story,Amir Bar-Lev,Pat Tillman:Richard Tillman
494,The Wind Will Carry Us,null,null
495,The Remains of the Day,James Ivory,Abigail Hopkins:Ben Chaplin:Caroline Hunt:Christopher Reeve:Hugh Grant:James Fox:John Haycraft:Patrick Godfrey:Paula Jacobs:Peter Cellier:Peter Halliday:Peter Vaughan:Steve Dibben
496,"sex, lies, and videotape",Steven Soderbergh,Alexandra Root:David Foil:Earl T. Taylor:Laura San Giacomo:Peter Gallagher:Ron Vawter:Steven Brill
